compound,hydrogen_production_rate,hydrogen_production_rate_uom,bandgap_energy,bandgap_energy_uom,incident_light_cut_off,incident_light_cut_off_uom,particle_size,particle_size_uom,radiation_source_intensity,radiation_source_intensity_uom,specific_surface_area,specific_surface_area_uom,catalyst_amount,catalyst_amount_uom,co_catalyst,co_catalyst_type,reaction_type,reaction_solution,reaction_solution_concentration,carbon_source,sacrificial_agent,sacrificial_agent_source,preparation_method,calcination_temperature,calcination_temperature_uom,calcination_time,calcination_time_uom,doi_reference
SrTiO3,3400.0,𝜇mol.g-1.h-1,2.97,eV,360,nm,92.0,nm,300.0,W,176.0,m2.g-1,0.02,g,Pt,H2PtCl6,photoreform,Water / methanol,(8:2 v/v),CH3OH,True,CH3OH,Polymer-assisted sol–gel method (followed by solvothermal treatment) ,400.0,°C,3.0,h,https://doi.org/10.1016/j.apcatb.2018.05.036
LaNi0.5Cu0.5O3,1166.0,𝜇mol.g-1.h-1,2.47,eV,400,nm,,nm,125.0,W,,m2.g-1,0.1,g,false,-,photoreform,Water / formaldehyde,(7:1 v/v),HCHO,True,HCHO,Citric Acid complexing method,800.0,°C,5.0,h,https://doi.org/10.1016/j.ijhydene.2010.08.140
LaKNaTaO5,110.0,𝜇mol.g-1.h-1,2.0,eV,420,nm,100.0,nm,300.0,W,,m2.g-1,0.3,g,Rh,RhCl3·3H2O,photoreform,Water / methanol,(8:2 v/v),CH3OH,True,CH3OH,Nitridation,600.0,°C,3.0,h,https://doi.org/10.1002/anie.201906081
LaTaON2,110.0,𝜇mol.g-1.h-1,2.0,eV,420,nm,100.0,nm,300.0,W,,m2.g-1,0.5,g,Rh,RhCl3·3H2O,photoreform,Water / methanol,(8:2 v/v),CH3OH,True,CH3OH,Nitridation,600.0,°C,3.0,h,https://doi.org/10.1002/anie.201906081
Ba2FeNbO6,143.0,𝜇mol.g-1.h-1,2.29,eV,420,nm,100.0,nm,300.0,W,5.57,m2.g-1,0.05,g,Pt,Pt nanoparticles,photoreform,Water / methanol,(75:25 v/v),CH3OH,False,-,salt-assisted solid-state reaction,800.0,°C,5.0,h,https://doi.org/10.1002/aenm.201600932
Bi4NbO8Br,83.3,𝜇mol.g-1.h-1,2.44,eV,420,nm,1000.0,nm,300.0,W,,m2.g-1,0.3,g,Pt,H2PtCl6,photoreform,Water / glycerol,(8:2 v/v),C3H8O3,True,C3H803,solid-state reaction,800.0,°C,24.0,h,https://doi.org/10.1039/C8CY00959G
K2Nb2O6,0.0,𝜇mol.g-1.h-1,3.98,eV,400,nm,25.0,nm,300.0,W,47.9,m2.g-1,0.02,g,Pt,H2PtCl6·6H2O,photoreform,Water / methanol,(4 : 1 v/v),CH3OH,True,CH3OH,solid-state reaction,,°C,,h,https://doi.org/10.1002/sstr.202200105
K2Nb2O6-xNx,20.4,𝜇mol.g-1.h-1,2.86,eV,400,nm,25.0,nm,300.0,W,80.5,m2.g-1,0.03,g,Pt,H2PtCl6·6H2O,photoreform,Water / methanol,(4 : 1 v/v),CH3OH,True,CH3OH,hydrothermal + solid-state reaction,400.0,°C,6.0,h,https://doi.org/10.1002/sstr.202200105
K2Nb2O6-xNx,9.27,𝜇mol.g-1.h-1,3.05,eV,400,nm,25.0,nm,300.0,W,79.5,m2.g-1,0.04,g,Pt,H2PtCl6·6H2O,photoreform,Water / methanol,(4 : 1 v/v),CH3OH,True,CH3OH,hydrothermal + solid-state reaction,400.0,°C,4.0,h,https://doi.org/10.1002/sstr.202200105
K2Nb2O6-xNx,10.74,𝜇mol.g-1.h-1,2.9,eV,400,nm,25.0,nm,300.0,W,80.1,m2.g-1,0.05,g,Pt,H2PtCl6·6H2O,photoreform,Water / methanol,(4 : 1 v/v),CH3OH,True,CH3OH,hydrothermal + solid-state reaction,400.0,°C,8.0,h,https://doi.org/10.1002/sstr.202200105
SrTiO3,0.0,𝜇mol.g-1.h-1,3.31,eV,420,nm,100.0,nm,300.0,W,4.27,m2.g-1,0.05,g,Pt,H2PtCl6·6H2O,photoreform,Water / methanol,(3 : 1 v/v),CH3OH,True,CH3OH,solid-state reaction,800.0,°C,5.0,h,https://doi.org/10.1002/aenm.201600932
SrTiO3-Ba2FeNbO6,80.0,𝜇mol.g-1.h-1,3.08,eV,420,nm,100.0,nm,300.0,W,4.96,m2.g-1,0.05,g,Pt,H2PtCl6·6H2O,photoreform,Water / methanol,(3 : 1 v/v),CH3OH,True,CH3OH,solid-state reaction,800.0,°C,5.0,h,https://doi.org/10.1002/aenm.201600932
SrTiO3-Ba2FeNbO6,143.0,𝜇mol.g-1.h-1,2.92,eV,420,nm,100.0,nm,300.0,W,5.09,m2.g-1,0.05,g,Pt,H2PtCl6·6H2O,photoreform,Water / methanol,(3 : 1 v/v),CH3OH,True,CH3OH,solid-state reaction,800.0,°C,5.0,h,https://doi.org/10.1002/aenm.201600932
SrTiO3-Ba2FeNbO6,95.0,𝜇mol.g-1.h-1,2.76,eV,420,nm,100.0,nm,300.0,W,5.57,m2.g-1,0.05,g,Pt,H2PtCl6·6H2O,photoreform,Water / methanol,(3 : 1 v/v),CH3OH,True,CH3OH,solid-state reaction,800.0,°C,5.0,h,https://doi.org/10.1002/aenm.201600932
Ba2FeNbO6,0.0,𝜇mol.g-1.h-1,2.29,eV,420,nm,100.0,nm,300.0,W,5.54,m2.g-1,0.05,g,Pt,H2PtCl6·6H2O,photoreform,Water / methanol,(3 : 1 v/v),CH3OH,True,CH3OH,solid-state reaction,800.0,°C,5.0,h,https://doi.org/10.1002/aenm.201600932
CdSLa2Ti2O7,51.31,𝜇mol.g-1.h-1,2.28,eV,400,nm,600.0,nm,500.0,W,,m2.g-1,0.1,g,Pt,H2PtCl6·6H2O,photoreform,Water / methanol,(3 : 1 v/v),CH3OH,True,CH3OH,hydrothermal + chemical bath deposition,,°C,,h,http://dx.doi.org/10.1002/cplu.201600351 
La2Ti2O7,10.26,𝜇mol.g-1.h-1,3.94,eV,400,nm,600.0,nm,500.0,W,,m2.g-1,0.1,g,Pt,H2PtCl6·6H2O,photoreform,Water / methanol,(3 : 1 v/v),CH3OH,True,CH3OH,hydrothermal + chemical bath deposition,,°C,,h,http://dx.doi.org/10.1002/cplu.201600351 
La2NiO4TiO2,2144.2,𝜇mol.g-1.h-1,3.1,eV,400,nm,50.0,nm,300.0,W,18.61,m2.g-1,0.01,g,Pt,H2PtCl6·6H2O,photoreform,Water / methanol,(4 : 1 v/v),CH3OH,True,CH3OH,solid-state reaction,620.0,°C,5.0,h,http://dx.doi.org/10.1117/1.JPE.11.034001
La2NiO4,5.8,𝜇mol.g-1.h-1,2.2,eV,400,nm,50.0,nm,300.0,W,6.63,m2.g-1,0.01,g,Pt,H2PtCl6·6H2O,photoreform,Water / methanol,(4 : 1 v/v),CH3OH,True,CH3OH,solid-state reaction,1000.0,°C,6.0,h,http://dx.doi.org/10.1117/1.JPE.11.034001
TBA/HPb2Nb3O10,34.0,𝜇mol.g-1.h-1,2.63,eV,415,nm,2000.0,nm,300.0,W,,m2.g-1,0.5,g,Pt,H2PtCl6·6H2O,photoreform,Water / methanol,(3.4 : 1 v/v),CH3OH,True,CH3OH,solid-state reaction,1000.0,°C,48.0,h,https://doi.org/10.1002/cctc.201402924
HPb2Nb3O10,12.0,𝜇mol.g-1.h-1,2.58,eV,415,nm,2000.0,nm,300.0,W,3.82,m2.g-1,0.5,g,Pt,H2PtCl6·6H2O,photoreform,Water / methanol,(3.4 : 1 v/v),CH3OH,True,CH3OH,solid-state reaction,1000.0,°C,48.0,h,https://doi.org/10.1002/cctc.201402924
BaSnO3,375.0,𝜇mol.g-1.h-1,2.9,eV,420,nm,100.0,nm,500.0,W,155.0,m2.g-1,0.3,g,Pt,H2PtCl6·6H2O,photoreform,Water / glycerol,(9: 1 v/v),C3H8O3,True,C3H8O3,hydrothermal synthesis,190.0,°C,12.0,h,https://doi.org/10.1016/j.optmat.2023.114517
Ag2OBaSnO3,3225.0,𝜇mol.g-1.h-1,1.98,eV,420,nm,100.0,nm,500.0,W,145.0,m2.g-1,0.3,g,Pt,H2PtCl6·6H2O,photoreform,Water / glycerol,(9 : 1 v/v),C3H8O3,True,C3H8O3,hydrothermal synthesis,190.0,°C,12.0,h,https://doi.org/10.1016/j.optmat.2023.114517
Ag2OBaSnO3,1100.0,𝜇mol.g-1.h-1,2.1,eV,420,nm,100.0,nm,500.0,W,152.0,m2.g-1,0.3,g,Pt,H2PtCl6·6H2O,photoreform,Water / glycerol,(9 : 1 v/v),C3H8O3,True,C3H8O3,hydrothermal synthesis,190.0,°C,12.0,h,https://doi.org/10.1016/j.optmat.2023.114517
Ag2OBaSnO3,1650.0,𝜇mol.g-1.h-1,2.0,eV,420,nm,100.0,nm,500.0,W,148.0,m2.g-1,0.3,g,Pt,H2PtCl6·6H2O,photoreform,Water / glycerol,(9 : 1 v/v),C3H8O3,True,C3H8O3,hydrothermal synthesis,190.0,°C,12.0,h,https://doi.org/10.1016/j.optmat.2023.114517
Ag2OBaSnO3,2155.0,𝜇mol.g-1.h-1,1.97,eV,420,nm,100.0,nm,500.0,W,142.0,m2.g-1,0.3,g,Pt,H2PtCl6·6H2O,photoreform,Water / glycerol,(9 : 1 v/v),C3H8O3,True,C3H8O3,hydrothermal synthesis,190.0,°C,12.0,h,https://doi.org/10.1016/j.optmat.2023.114517
CaTiO3,0.0,𝜇mol.g-1.h-1,3.5,eV,415,nm,19.1,nm,300.0,W,31.7,m2.g-1,0.1,g,false,-,photoreform,Water / methanol,(4 : 1 v/v),CH3OH,True,CH3OH,Spray Pyrolysis,800.0,°C,,h,https://doi.org/10.1007/s11664-017-5551-4
CaCu0.005Ti0.995O3,40.0,𝜇mol.g-1.h-1,3.5,eV,415,nm,19.1,nm,300.0,W,31.7,m2.g-1,0.1,g,false,-,photoreform,Water / methanol,(4 : 1 v/v),CH3OH,True,CH3OH,Spray Pyrolysis,800.0,°C,,h,https://doi.org/10.1007/s11664-017-5551-4
CaCu0.01Ti0.99O3,140.7,𝜇mol.g-1.h-1,3.5,eV,415,nm,19.1,nm,300.0,W,31.7,m2.g-1,0.1,g,false,-,photoreform,Water / methanol,(4 : 1 v/v),CH3OH,True,CH3OH,Spray Pyrolysis,800.0,°C,,h,https://doi.org/10.1007/s11664-017-5551-4
CaCu0.015Ti0.985O3,95.0,𝜇mol.g-1.h-1,3.5,eV,415,nm,19.1,nm,300.0,W,31.7,m2.g-1,0.1,g,false,-,photoreform,Water / methanol,(4 : 1 v/v),CH3OH,True,CH3OH,Spray Pyrolysis,800.0,°C,,h,https://doi.org/10.1007/s11664-017-5551-4
CaCu0.02Ti0.98O3,70.0,𝜇mol.g-1.h-1,3.5,eV,415,nm,19.1,nm,300.0,W,31.7,m2.g-1,0.1,g,false,-,photoreform,Water / methanol,(4 : 1 v/v),CH3OH,True,CH3OH,Spray Pyrolysis,800.0,°C,,h,https://doi.org/10.1007/s11664-017-5551-4
CaCu0.02Ti0.98O3,295.0,𝜇mol.g-1.h-1,3.5,eV,415,nm,19.1,nm,300.0,W,44.0,m2.g-1,0.1,g,false,-,photoreform,Water / methanol,(4 : 1 v/v),CH3OH,True,CH3OH,Spray Pyrolysis,800.0,°C,,h,https://doi.org/10.1007/s11664-017-5551-4
Sr0.9La0.1Ti0.9Cr0.1O3,28800.0,𝜇mol.g-1.h-1,2.31,eV,400,nm,1000.0,nm,300.0,W,7.03,m2.g-1,0.1,g,Pt,H2PtCl6·6H2O,photoreform,Water / methanol,(9 : 1 v/v),CH3OH,True,CH3OH,hydrothermal synthesis,200.0,°C,48.0,h,https://doi.org/10.1016/j.ijhydene.2017.01.064
Ca0.9La0.1Ti0.9Cr0.1O3,12000.0,𝜇mol.g-1.h-1,2.49,eV,400,nm,1000.0,nm,300.0,W,3.34,m2.g-1,0.1,g,Pt,H2PtCl6·6H2O,photoreform,Water / methanol,(9 : 1 v/v),CH3OH,True,CH3OH,hydrothermal synthesis,200.0,°C,48.0,h,https://doi.org/10.1016/j.ijhydene.2017.01.064
Ba0.9La0.1Ti0.9Cr0.1O3,4000.0,𝜇mol.g-1.h-1,2.52,eV,400,nm,1000.0,nm,300.0,W,22.46,m2.g-1,0.1,g,Pt,H2PtCl6·6H2O,photoreform,Water / methanol,(9 : 1 v/v),CH3OH,True,CH3OH,hydrothermal synthesis,200.0,°C,48.0,h,https://doi.org/10.1016/j.ijhydene.2017.01.064
KCa2Nb3O10,7.78,𝜇mol.g-1.h-1,3.35,eV,400,nm,5000.0,nm,300.0,W,,m2.g-1,0.1,g,CdS,CdS,photoreform,Water / Lactic acid,(4 : 1 v/v),C3H6O3,True,C3H6O3,solid-state reaction,1200.0,°C,10.0,h,https://doi.org/10.1016/j.jallcom.2023.171074
CdSKCa2Nb3O10,752.0,𝜇mol.g-1.h-1,2.25,eV,400,nm,5000.0,nm,300.0,W,,m2.g-1,0.1,g,CdS,CdS,photoreform,Water / Lactic acid,(4 : 1 v/v),C3H6O3,True,C3H6O3,solid-state reaction,1200.0,°C,10.0,h,https://doi.org/10.1016/j.jallcom.2023.171074
CdSNiKCa2Nb3O10,1474.0,𝜇mol.g-1.h-1,2.25,eV,400,nm,5000.0,nm,300.0,W,,m2.g-1,0.1,g,CdS,CdS,photoreform,Water / Lactic acid,(4 : 1 v/v),C3H6O3,True,C3H6O3,solid-state reaction,1200.0,°C,10.0,h,https://doi.org/10.1016/j.jallcom.2023.171074
CdSNiKCa2Nb3O10,3159.0,𝜇mol.g-1.h-1,2.25,eV,400,nm,5000.0,nm,300.0,W,,m2.g-1,0.1,g,CdS,CdS,photoreform,Water / Lactic acid,(4 : 1 v/v),C3H6O3,True,C3H6O3,solid-state reaction,1200.0,°C,10.0,h,https://doi.org/10.1016/j.jallcom.2023.171074
CdSNiKCa2Nb3O10,5212.0,𝜇mol.g-1.h-1,2.25,eV,400,nm,5000.0,nm,300.0,W,,m2.g-1,0.1,g,CdS,CdS,photoreform,Water / Lactic acid,(4 : 1 v/v),C3H6O3,True,C3H6O3,solid-state reaction,1200.0,°C,10.0,h,https://doi.org/10.1016/j.jallcom.2023.171074
CdSNiKCa2Nb3O10,2641.0,𝜇mol.g-1.h-1,2.25,eV,400,nm,5000.0,nm,300.0,W,,m2.g-1,0.1,g,CdS,CdS,photoreform,Water / Lactic acid,(4 : 1 v/v),C3H6O3,True,C3H6O3,solid-state reaction,1200.0,°C,10.0,h,https://doi.org/10.1016/j.jallcom.2023.171074
CaBi4Ti4O15,0.0,𝜇mol.g-1.h-1,3.36,eV,420,nm,,nm,450.0,W,,m2.g-1,0.3,g,Pt,H2PtCl6·6H2O,photoreform,Water / methanol,(6.7 : 1 v/v),CH3OH,True,CH3OH,solid-state reaction,1200.0,°C,48.0,h,https://doi.org/10.1016/j.jssc.2006.01.024
PbBi4Ti4O15,37333.0,𝜇mol.g-1.h-1,3.02,eV,420,nm,,nm,450.0,W,,m2.g-1,0.3,g,Pt,H2PtCl6·6H2O,photoreform,Water / methanol,(6.7 : 1 v/v),CH3OH,True,CH3OH,solid-state reaction,1200.0,°C,48.0,h,https://doi.org/10.1016/j.jssc.2006.01.024
CaBi2Nb2O9,0.0,𝜇mol.g-1.h-1,3.18,eV,420,nm,,nm,450.0,W,,m2.g-1,0.3,g,Pt,H2PtCl6·6H2O,photoreform,Water / methanol,(6.7 : 1 v/v),CH3OH,True,CH3OH,solid-state reaction,1200.0,°C,48.0,h,https://doi.org/10.1016/j.jssc.2006.01.024
PbBi2Nb2O9,10667.0,𝜇mol.g-1.h-1,2.88,eV,420,nm,,nm,450.0,W,,m2.g-1,0.3,g,Pt,H2PtCl6·6H2O,photoreform,Water / methanol,(6.7 : 1 v/v),CH3OH,True,CH3OH,solid-state reaction,1200.0,°C,48.0,h,https://doi.org/10.1016/j.jssc.2006.01.024
K0.5La0.5Ca1.5Nb3O10,0.0,𝜇mol.g-1.h-1,3.44,eV,420,nm,,nm,450.0,W,,m2.g-1,0.3,g,Pt,H2PtCl6·6H2O,photoreform,Water / methanol,(6.7 : 1 v/v),CH3OH,True,CH3OH,solid-state reaction,1200.0,°C,48.0,h,https://doi.org/10.1016/j.jssc.2006.01.024
K0.5La0.5Ca0.75Pb0.75Nb3O10,0.0,𝜇mol.g-1.h-1,3.09,eV,420,nm,,nm,450.0,W,,m2.g-1,0.3,g,Pt,H2PtCl6·6H2O,photoreform,Water / methanol,(6.7 : 1 v/v),CH3OH,True,CH3OH,solid-state reaction,1200.0,°C,48.0,h,https://doi.org/10.1016/j.jssc.2006.01.024
K0.5La0.25Bi0.25Ca0.75Pb0.75Nb3O10,0.0,𝜇mol.g-1.h-1,3.06,eV,420,nm,,nm,450.0,W,,m2.g-1,0.3,g,Pt,H2PtCl6·6H2O,photoreform,Water / methanol,(6.7 : 1 v/v),CH3OH,True,CH3OH,solid-state reaction,1200.0,°C,48.0,h,https://doi.org/10.1016/j.jssc.2006.01.024
Sr3Ti2O7,0.0,𝜇mol.g-1.h-1,3.31,eV,420,nm,,nm,450.0,W,,m2.g-1,0.3,g,Pt,H2PtCl6·6H2O,photoreform,Water / methanol,(6.7 : 1 v/v),CH3OH,True,CH3OH,solid-state reaction,1200.0,°C,48.0,h,https://doi.org/10.1016/j.jssc.2006.01.024
PbTiO3,45333.0,𝜇mol.g-1.h-1,2.98,eV,420,nm,,nm,450.0,W,,m2.g-1,0.3,g,Pt,H2PtCl6·6H2O,photoreform,Water / methanol,(6.7 : 1 v/v),CH3OH,True,CH3OH,solid-state reaction,1200.0,°C,48.0,h,https://doi.org/10.1016/j.jssc.2006.01.024
LaSrTiO3,246.3,𝜇mol.g-1.h-1,3.81,eV,420,nm,20.0,nm,500.0,W,33.3,m2.g-1,0.05,g,false,-,photoreform,Water / methanol,(4 : 1 v/v),CH3OH,True,CH3OH,hydrothermal synthesis,220.0,°C,24.0,h,http://dx.doi.org/10.1007/s42114-023-00759-5
LaNbSrTiO3,673.8,𝜇mol.g-1.h-1,3.81,eV,420,nm,20.0,nm,500.0,W,33.3,m2.g-1,0.05,g,false,-,photoreform,Water / methanol,(4 : 1 v/v),CH3OH,True,CH3OH,hydrothermal synthesis,220.0,°C,24.0,h,http://dx.doi.org/10.1007/s42114-023-00759-5
SrTiO3,190.0,𝜇mol.g-1.h-1,3.2,eV,420,nm,20.0,nm,500.0,W,33.3,m2.g-1,0.05,g,false,-,photoreform,Water / methanol,(4 : 1 v/v),CH3OH,True,CH3OH,hydrothermal synthesis,220.0,°C,24.0,h,http://dx.doi.org/10.1007/s42114-023-00759-5
LaMnO3,70.0,𝜇mol.g-1.h-1,3.55,eV,400,nm,25.0,nm,300.0,W,14.6,m2.g-1,0.15,g,false,-,photoreform,Water / methanol,(4 : 1 v/v),CH3OH,True,CH3OH,Green solid-state combustion,700.0,°C,4.0,h,https://doi.org/10.3390/nano12172985
AgLaMnO3,200.0,𝜇mol.g-1.h-1,3.23,eV,400,nm,25.0,nm,300.0,W,12.2,m2.g-1,0.15,g,Ag,Ag nanoparticles,photoreform,Water / methanol,(4 : 1 v/v),CH3OH,True,CH3OH,Green solid-state combustion,700.0,°C,4.0,h,https://doi.org/10.3390/nano12172985
AuLaMnO3,1000.0,𝜇mol.g-1.h-1,2.98,eV,400,nm,25.0,nm,300.0,W,13.5,m2.g-1,0.15,g,Au,Au nanoparticles,photoreform,Water / methanol,(4 : 1 v/v),CH3OH,True,CH3OH,Green solid-state combustion,700.0,°C,4.0,h,https://doi.org/10.3390/nano12172985
PdLaMnO3,800.0,𝜇mol.g-1.h-1,3.25,eV,400,nm,25.0,nm,300.0,W,12.4,m2.g-1,0.15,g,Pd,Pd nanoparticles,photoreform,Water / methanol,(4 : 1 v/v),CH3OH,True,CH3OH,Green solid-state combustion,700.0,°C,4.0,h,https://doi.org/10.3390/nano12172985
PtLaMnO3,1600.0,𝜇mol.g-1.h-1,2.82,eV,400,nm,25.0,nm,300.0,W,20.1,m2.g-1,0.15,g,Pt,Pt nanoparticles,photoreform,Water / methanol,(4 : 1 v/v),CH3OH,True,CH3OH,Green solid-state combustion,700.0,°C,4.0,h,https://doi.org/10.3390/nano12172985
LaMnO3,178.0,𝜇mol.g-1.h-1,1.61,eV,400,nm,10000.0,nm,300.0,W,,m2.g-1,,g,BN,Boron Nitride Quantum Dots,photoreform,Water / methanol,(9 : 1 v/v),CH3OH,True,CH3OH,hydrothermal synthesis,700.0,°C,4.0,h,https://doi.org/10.1016/j.ijhydene.2023.03.382
BNLaMnO3,294.0,𝜇mol.g-1.h-1,2.02,eV,400,nm,10000.0,nm,300.0,W,,m2.g-1,,g,BN,Boron Nitride Quantum Dots,photoreform,Water / methanol,(9 : 1 v/v),CH3OH,True,CH3OH,hydrothermal synthesis,700.0,°C,4.0,h,https://doi.org/10.1016/j.ijhydene.2023.03.382
CaNbO2N,10000.0,𝜇mol.g-1.h-1,2.0,eV,420,nm,,nm,300.0,W,31.0,m2.g-1,0.1,g,Pt,H2PtCl6·6H2O,photoreform,Water / methanol,(9 : 1 v/v),CH3OH,True,CH3OH,Polymerized-complex method,760.0,°C,15.0,h,https://doi.org/10.1002/cssc.201000207
SrNbO2N,0.0,𝜇mol.g-1.h-1,1.8,eV,420,nm,,nm,300.0,W,,m2.g-1,0.1,g,Pt,H2PtCl6·6H2O,photoreform,Water / methanol,(9 : 1 v/v),CH3OH,True,CH3OH,Polymerized-complex method,750.0,°C,15.0,h,https://doi.org/10.1002/cssc.201000207
BaNbO2N,0.0,𝜇mol.g-1.h-1,1.7,eV,420,nm,,nm,300.0,W,,m2.g-1,0.1,g,Pt,H2PtCl6·6H2O,photoreform,Water / methanol,(9 : 1 v/v),CH3OH,True,CH3OH,Polymerized-complex method,750.0,°C,15.0,h,https://doi.org/10.1002/cssc.201000207
LaNbO2N,0.0,𝜇mol.g-1.h-1,1.6,eV,420,nm,,nm,300.0,W,,m2.g-1,0.1,g,Pt,H2PtCl6·6H2O,photoreform,Water / methanol,(9 : 1 v/v),CH3OH,True,CH3OH,Polymerized-complex method,750.0,°C,15.0,h,https://doi.org/10.1002/cssc.201000207
Ba5Ta4O15,305.0,𝜇mol.g-1.h-1,4.05,eV,400,nm,,nm,300.0,W,,m2.g-1,0.1,g,Pt,H2PtCl6·6H2O,photoreform,Water / methanol,(4 : 1 v/v),CH3OH,True,CH3OH,solid-state reaction,1150.0,°C,36.0,h,https://doi.org/10.1021/jp202783t
NBa5Ta4O15,495.0,𝜇mol.g-1.h-1,1.75,eV,400,nm,,nm,300.0,W,,m2.g-1,0.1,g,Pt,H2PtCl6·6H2O,photoreform,Water / methanol,(4 : 1 v/v),CH3OH,True,CH3OH,solid-state reaction,900.0,°C,2.5,h,https://doi.org/10.1021/jp202783t
BaTiO3,35.0,𝜇mol.g-1.h-1,3.0,eV,400,nm,500.0,nm,300.0,W,,m2.g-1,0.2,g,Pt,H2PtCl6·6H2O,photoreform,Water / methanol,(5 : 1 v/v),CH3OH,True,CH3OH,solid-state reaction,1150.0,°C,5.0,h,https://doi.org/10.1016/j.ijhydene.2019.03.145
BaTi0.99Mo0.01O3,48.0,𝜇mol.g-1.h-1,2.4,eV,400,nm,500.0,nm,300.0,W,,m2.g-1,0.2,g,Pt,H2PtCl6·6H2O,photoreform,Water / methanol,(5 : 1 v/v),CH3OH,True,CH3OH,solid-state reaction,1150.0,°C,5.0,h,https://doi.org/10.1016/j.ijhydene.2019.03.145
BaTi0.98Mo0.02O3,63.0,𝜇mol.g-1.h-1,2.2,eV,400,nm,500.0,nm,300.0,W,,m2.g-1,0.2,g,Pt,H2PtCl6·6H2O,photoreform,Water / methanol,(5 : 1 v/v),CH3OH,True,CH3OH,solid-state reaction,1150.0,°C,5.0,h,https://doi.org/10.1016/j.ijhydene.2019.03.145
BaTi0.97Mo0.03O3,41.0,𝜇mol.g-1.h-1,2.6,eV,400,nm,500.0,nm,300.0,W,,m2.g-1,0.2,g,Pt,H2PtCl6·6H2O,photoreform,Water / methanol,(5 : 1 v/v),CH3OH,True,CH3OH,solid-state reaction,1150.0,°C,5.0,h,https://doi.org/10.1016/j.ijhydene.2019.03.145
FeTiO3,192.21,𝜇mol.g-1.h-1,2.42,eV,400,nm,50.0,nm,300.0,W,,m2.g-1,0.02,g,false,-,photoreform,Water / methanol,(4 : 1 v/v),CH3OH,True,CH3OH,Ultrasonic sol–gel,750.0,°C,4.0,h,https://doi.org/10.1016/j.jallcom.2024.175382
FeTiO3C,316.22,𝜇mol.g-1.h-1,2.36,eV,400,nm,50.0,nm,300.0,W,,m2.g-1,0.02,g,false,-,photoreform,Water / methanol,(4 : 1 v/v),CH3OH,True,CH3OH,Ultrasonic sol–gel,750.0,°C,4.0,h,https://doi.org/10.1016/j.jallcom.2024.175382
FeTiO3C,378.22,𝜇mol.g-1.h-1,2.32,eV,400,nm,50.0,nm,300.0,W,,m2.g-1,0.02,g,false,-,photoreform,Water / methanol,(4 : 1 v/v),CH3OH,True,CH3OH,Ultrasonic sol–gel,750.0,°C,4.0,h,https://doi.org/10.1016/j.jallcom.2024.175382
FeTiO3C,415.43,𝜇mol.g-1.h-1,2.26,eV,400,nm,50.0,nm,300.0,W,,m2.g-1,0.02,g,false,-,photoreform,Water / methanol,(4 : 1 v/v),CH3OH,True,CH3OH,Ultrasonic sol–gel,750.0,°C,4.0,h,https://doi.org/10.1016/j.jallcom.2024.175382
FeTiO3C,396.83,𝜇mol.g-1.h-1,2.22,eV,400,nm,50.0,nm,300.0,W,,m2.g-1,0.02,g,false,-,photoreform,Water / methanol,(4 : 1 v/v),CH3OH,True,CH3OH,Ultrasonic sol–gel,750.0,°C,4.0,h,https://doi.org/10.1016/j.jallcom.2024.175382
LaMnO3,300.74,𝜇mol.g-1.h-1,2.64,eV,400,nm,200.0,nm,300.0,W,,m2.g-1,0.02,g,Pt,H2PtCl6·6H2O,photoreform,Water / methanol,(4 : 1 v/v),CH3OH,True,CH3OH,Electrospinning,800.0,°C,3.0,h,https://doi.org/10.1016/j.mssp.2023.107697
LaMn0.98Fe0.02O3,494.42,𝜇mol.g-1.h-1,2.64,eV,400,nm,200.0,nm,300.0,W,,m2.g-1,0.02,g,Pt,H2PtCl6·6H2O,photoreform,Water / methanol,(4 : 1 v/v),CH3OH,True,CH3OH,Electrospinning,800.0,°C,3.0,h,https://doi.org/10.1016/j.mssp.2023.107697
LaMn0.96Fe0.04O3,767.71,𝜇mol.g-1.h-1,2.64,eV,400,nm,200.0,nm,300.0,W,,m2.g-1,0.02,g,Pt,H2PtCl6·6H2O,photoreform,Water / methanol,(4 : 1 v/v),CH3OH,True,CH3OH,Electrospinning,800.0,°C,3.0,h,https://doi.org/10.1016/j.mssp.2023.107697
LaMn0.95Fe0.05O3,425.27,𝜇mol.g-1.h-1,2.64,eV,400,nm,200.0,nm,300.0,W,,m2.g-1,0.02,g,Pt,H2PtCl6·6H2O,photoreform,Water / methanol,(4 : 1 v/v),CH3OH,True,CH3OH,Electrospinning,800.0,°C,3.0,h,https://doi.org/10.1016/j.mssp.2023.107697
LaMn0.94Fe0.06O3,581.73,𝜇mol.g-1.h-1,2.64,eV,400,nm,200.0,nm,300.0,W,,m2.g-1,0.02,g,Pt,H2PtCl6·6H2O,photoreform,Water / methanol,(4 : 1 v/v),CH3OH,True,CH3OH,Electrospinning,800.0,°C,3.0,h,https://doi.org/10.1016/j.mssp.2023.107697
LaMn0.92Fe0.08O3,385.68,𝜇mol.g-1.h-1,2.64,eV,400,nm,200.0,nm,300.0,W,,m2.g-1,0.02,g,Pt,H2PtCl6·6H2O,photoreform,Water / methanol,(4 : 1 v/v),CH3OH,True,CH3OH,Electrospinning,800.0,°C,3.0,h,https://doi.org/10.1016/j.mssp.2023.107697
K1NbO3BiNi0.5Ti0.5O3,7842.0,𝜇mol.g-1.h-1,3.31,eV,400,nm,160.0,nm,300.0,W,,m2.g-1,0.02,g,Pt,H2PtCl6·6H2O,photoreform,Water / methanol,(7 : 3 v/v),CH3OH,True,CH3OH,Electrospinning,650.0,°C,4.0,h,https://doi.org/10.1016/j.apsusc.2021.151359
K0.995NbO2.995BiNi0.5Ti0.5O3,7434.0,𝜇mol.g-1.h-1,3.3,eV,420,nm,160.0,nm,300.0,W,,m2.g-1,0.02,g,Pt,H2PtCl6·6H2O,photoreform,Water / methanol,(7 : 3 v/v),CH3OH,True,CH3OH,Electrospinning,650.0,°C,4.0,h,https://doi.org/10.1016/j.apsusc.2021.151359
K0.99NbO2.99BiNi0.5Ti0.5O3,7002.0,𝜇mol.g-1.h-1,3.23,eV,420,nm,160.0,nm,300.0,W,,m2.g-1,0.02,g,Pt,H2PtCl6·6H2O,photoreform,Water / methanol,(7 : 3 v/v),CH3OH,True,CH3OH,Electrospinning,650.0,°C,4.0,h,https://doi.org/10.1016/j.apsusc.2021.151359
K0.98NbO0.98bBiNi0.5Ti0.5O3,4945.0,𝜇mol.g-1.h-1,3.22,eV,420,nm,160.0,nm,300.0,W,,m2.g-1,0.02,g,Pt,H2PtCl6·6H2O,photoreform,Water / methanol,(7 : 3 v/v),CH3OH,True,CH3OH,Electrospinning,650.0,°C,4.0,h,https://doi.org/10.1016/j.apsusc.2021.151359
K0.97Nb0.97BiNi0.5Ti0.5O3,2781.0,𝜇mol.g-1.h-1,3.21,eV,420,nm,160.0,nm,300.0,W,,m2.g-1,0.02,g,Pt,H2PtCl6·6H2O,photoreform,Water / methanol,(7 : 3 v/v),CH3OH,True,CH3OH,Electrospinning,650.0,°C,4.0,h,https://doi.org/10.1016/j.apsusc.2021.151359
K0.95Nb0.95BiNi0.5Ti0.5O3,1225.0,𝜇mol.g-1.h-1,3.18,eV,420,nm,160.0,nm,300.0,W,,m2.g-1,0.02,g,Pt,H2PtCl6·6H2O,photoreform,Water / methanol,(7 : 3 v/v),CH3OH,True,CH3OH,Electrospinning,650.0,°C,4.0,h,https://doi.org/10.1016/j.apsusc.2021.151359
Ba5Ta4O15-Ba3Ta5O15-BaTa2O6,5900.0,𝜇mol.g-1.h-1,4.3,eV,400,nm,70.0,nm,500.0,W,2.5,m2.g-1,0.2,g,false,-,photoreform,Water / methanol,(11: 1 v/v),CH3OH,True,CH3OH,Citrate Synthesis,1000.0,°C,10.0,h,http://dx.doi.org/10.1088/2515-7655/abc07a
KNbO3,0.0,𝜇mol.g-1.h-1,3.4,eV,420,nm,101.0,nm,300.0,W,,m2.g-1,0.02,g,Pt,H2PtCl6·6H2O,photoreform,Water / methanol,(7 : 3 v/v),CH3OH,True,CH3OH,Pechini sol-gel-based electrospinnig,650.0,°C,4.0,h,https://doi.org/10.1021/acs.jpcc.1c10127
K0.95Na0.05NbO3,33.0,𝜇mol.g-1.h-1,3.42,eV,420,nm,103.0,nm,300.0,W,,m2.g-1,0.02,g,Pt,H2PtCl6·6H2O,photoreform,Water / methanol,(7 : 3 v/v),CH3OH,True,CH3OH,Pechini sol-gel-based electrospinnig,650.0,°C,4.0,h,https://doi.org/10.1021/acs.jpcc.1c10127
K0.9Na0.1NbO3,7718.0,𝜇mol.g-1.h-1,3.42,eV,420,nm,103.0,nm,300.0,W,,m2.g-1,0.02,g,Pt,H2PtCl6·6H2O,photoreform,Water / methanol,(7 : 3 v/v),CH3OH,True,CH3OH,Pechini sol-gel-based electrospinnig,650.0,°C,4.0,h,https://doi.org/10.1021/acs.jpcc.1c10127
K0.7Na0.3NbO3,9304.0,𝜇mol.g-1.h-1,3.37,eV,420,nm,103.0,nm,300.0,W,,m2.g-1,0.02,g,Pt,H2PtCl6·6H2O,photoreform,Water / methanol,(7 : 3 v/v),CH3OH,True,CH3OH,Pechini sol-gel-based electrospinnig,650.0,°C,4.0,h,https://doi.org/10.1021/acs.jpcc.1c10127
K0.5Na0.5NbO3,11506.0,𝜇mol.g-1.h-1,3.27,eV,420,nm,103.0,nm,300.0,W,,m2.g-1,0.02,g,Pt,H2PtCl6·6H2O,photoreform,Water / methanol,(7 : 3 v/v),CH3OH,True,CH3OH,Pechini sol-gel-based electrospinnig,650.0,°C,4.0,h,https://doi.org/10.1021/acs.jpcc.1c10127
K0.3Na0.7NbO3,9355.0,𝜇mol.g-1.h-1,3.44,eV,420,nm,103.0,nm,300.0,W,,m2.g-1,0.02,g,Pt,H2PtCl6·6H2O,photoreform,Water / methanol,(7 : 3 v/v),CH3OH,True,CH3OH,Pechini sol-gel-based electrospinnig,650.0,°C,4.0,h,https://doi.org/10.1021/acs.jpcc.1c10127
NaNbO3,8717.0,𝜇mol.g-1.h-1,3.6,eV,420,nm,95.0,nm,300.0,W,,m2.g-1,0.02,g,Pt,H2PtCl6·6H2O,photoreform,Water / methanol,(7 : 3 v/v),CH3OH,True,CH3OH,Pechini sol-gel-based electrospinnig,650.0,°C,4.0,h,https://doi.org/10.1021/acs.jpcc.1c10127
HPb2Nb3O10,55.0,𝜇mol.g-1.h-1,2.58,eV,400,nm,2500.0,nm,300.0,W,,m2.g-1,0.5,g,Pt,H2PtCl6·6H2O,photoreform,Water / methanol,(4 : 1 v/v),CH3OH,True,CH3OH,solid-state reaction,1000.0,°C,48.0,h,https://doi.org/10.1016/j.apcata.2013.09.015
H1.1Pb2Nb2.95Cr0.05O10,110.0,𝜇mol.g-1.h-1,2.43,eV,400,nm,2500.0,nm,300.0,W,,m2.g-1,0.5,g,Pt,H2PtCl6·6H2O,photoreform,Water / methanol,(4 : 1 v/v),CH3OH,True,CH3OH,solid-state reaction,1000.0,°C,49.0,h,https://doi.org/10.1016/j.apcata.2013.09.015
LaFeO3,94.8,𝜇mol.g-1.h-1,2.31,eV,400,nm,28.79,nm,350.0,W,,m2.g-1,0.1,g,RhCrOx,Na3RhCl61·2H2O / Cr(NO3)3·9H2O,photoreform,Water / TEOS,(8 : 2 v/v),C8H20O4Si,True,C8H20O4Si,Citric-acid assisted co-precipitation,700.0,°C,6.0,h,https://doi.org/10.3390/catal11050612
PrLaFeO3,127.0,𝜇mol.g-1.h-1,2.0,eV,400,nm,16.04,nm,350.0,W,,m2.g-1,0.1,g,RhCrOx,Na3RhCl61·2H2O / Cr(NO3)3·9H2O,photoreform,Water / TEOS,(8 : 2 v/v),C8H20O4Si,True,C8H20O4Si,Citric-acid assisted co-precipitation,700.0,°C,6.0,h,https://doi.org/10.3390/catal11050612
YLaFeO3,80.0,𝜇mol.g-1.h-1,2.0,eV,400,nm,15.6,nm,350.0,W,,m2.g-1,0.1,g,RhCrOx,Na3RhCl61·2H2O / Cr(NO3)3·9H2O,photoreform,Water / TEOS,(8 : 2 v/v),C8H20O4Si,True,C8H20O4Si,Citric-acid assisted co-precipitation,700.0,°C,6.0,h,https://doi.org/10.3390/catal11050612
EuLaFeO3,96.0,𝜇mol.g-1.h-1,2.08,eV,400,nm,19.38,nm,350.0,W,,m2.g-1,0.1,g,RhCrOx,Na3RhCl61·2H2O / Cr(NO3)3·9H2O,photoreform,Water / TEOS,(8 : 2 v/v),C8H20O4Si,True,C8H20O4Si,Citric-acid assisted co-precipitation,700.0,°C,6.0,h,https://doi.org/10.3390/catal11050612
CaLaFeO3,0.0,𝜇mol.g-1.h-1,2.17,eV,400,nm,21.39,nm,350.0,W,,m2.g-1,0.1,g,RhCrOx,Na3RhCl61·2H2O / Cr(NO3)3·9H2O,photoreform,Water / TEOS,(8 : 2 v/v),C8H20O4Si,True,C8H20O4Si,Citric-acid assisted co-precipitation,700.0,°C,6.0,h,https://doi.org/10.3390/catal11050612
MgLaFeO3,60.0,𝜇mol.g-1.h-1,2.2,eV,400,nm,27.85,nm,350.0,W,,m2.g-1,0.1,g,RhCrOx,Na3RhCl61·2H2O / Cr(NO3)3·9H2O,photoreform,Water / TEOS,(8 : 2 v/v),C8H20O4Si,True,C8H20O4Si,Citric-acid assisted co-precipitation,700.0,°C,6.0,h,https://doi.org/10.3390/catal11050612
TbLaFeO3,70.0,𝜇mol.g-1.h-1,2.3,eV,400,nm,18.31,nm,350.0,W,,m2.g-1,0.1,g,RhCrOx,Na3RhCl61·2H2O / Cr(NO3)3·9H2O,photoreform,Water / TEOS,(8 : 2 v/v),C8H20O4Si,True,C8H20O4Si,Citric-acid assisted co-precipitation,700.0,°C,6.0,h,https://doi.org/10.3390/catal11050612
InLaFeO3,84.0,𝜇mol.g-1.h-1,2.05,eV,400,nm,20.1,nm,350.0,W,,m2.g-1,0.1,g,RhCrOx,Na3RhCl61·2H2O / Cr(NO3)3·9H2O,photoreform,Water / TEOS,(8 : 2 v/v),C8H20O4Si,True,C8H20O4Si,Citric-acid assisted co-precipitation,700.0,°C,6.0,h,https://doi.org/10.3390/catal11050612
LaNaTaO3,19.8,𝜇mol.g-1.h-1,3.98,eV,250,nm,25.0,nm,1000.0,W,,m2.g-1,0.05,g,false,-,photoreform,Water / methanol,(9 : 1 v/v),CH3OH,True,CH3OH,Wet-chemical templated synthesis,900.0,°C,16.0,h,https://doi.org/10.1021/acsomega.1c00584
RuO2LaNaTaO3,219.2,𝜇mol.g-1.h-1,4.08,eV,250,nm,25.0,nm,1000.0,W,,m2.g-1,0.05,g,Ru,RuO2 nanoparticles,photoreform,Water / methanol,(9 : 1 v/v),CH3OH,True,CH3OH,Wet-chemical templated synthesis,900.0,°C,16.0,h,https://doi.org/10.1021/acsomega.1c00584
RuO2LaNaTaO3,193.2,𝜇mol.g-1.h-1,4.08,eV,250,nm,25.0,nm,1000.0,W,,m2.g-1,0.05,g,Ru,RuO2 nanoparticles,photoreform,Water / methanol,(9 : 1 v/v),CH3OH,True,CH3OH,Wet-chemical templated synthesis,900.0,°C,16.0,h,https://doi.org/10.1021/acsomega.1c00584
RuO2LaNaTaO3,230.8,𝜇mol.g-1.h-1,4.18,eV,250,nm,25.0,nm,1000.0,W,34.0,m2.g-1,0.05,g,Ru,RuO2 nanoparticles,photoreform,Water / methanol,(9 : 1 v/v),CH3OH,True,CH3OH,Wet-chemical templated synthesis,900.0,°C,16.0,h,https://doi.org/10.1021/acsomega.1c00584
RuO2LaNaTaO3,176.2,𝜇mol.g-1.h-1,4.18,eV,250,nm,25.0,nm,1000.0,W,,m2.g-1,0.05,g,Ru,RuO2 nanoparticles,photoreform,Water / methanol,(9 : 1 v/v),CH3OH,True,CH3OH,Wet-chemical templated synthesis,900.0,°C,16.0,h,https://doi.org/10.1021/acsomega.1c00584
TiO2-I@CS3Bi2I9-10,176.5,𝜇mol.g-1.h-1,2.62,eV,400,nm,2000.0,nm,1000.0,W,114.0,m2.g-1,0.025,g,false,-,photoreform,Water / TEOA,(9 : 1 v/v),C6H15NO3,True,C6H15NO3,Solvothermal synthesis,60.0,°C,12.0,h,https://doi.org/10.1016/j.cattod.2024.114626
TiO2-I@CS3BI2I9-50,163.2,𝜇mol.g-1.h-1,2.17,eV,400,nm,2000.0,nm,1000.0,W,114.0,m2.g-1,0.025,g,false,-,photoreform,Water / TEOA,(9 : 1 v/v),C6H15NO3,True,C6H15NO3,Solvothermal synthesis,60.0,°C,12.0,h,https://doi.org/10.1016/j.cattod.2024.114626
TiO2-I@CS3Bi2I9-100,159.3,𝜇mol.g-1.h-1,2.3,eV,400,nm,2000.0,nm,1000.0,W,110.0,m2.g-1,0.025,g,false,-,photoreform,Water / TEOA,(9 : 1 v/v),C6H15NO3,True,C6H15NO3,Solvothermal synthesis,60.0,°C,12.0,h,https://doi.org/10.1016/j.cattod.2024.114626
TiO2-I@CS3Bi2I9-300,97.8,𝜇mol.g-1.h-1,2.53,eV,400,nm,2000.0,nm,1000.0,W,102.0,m2.g-1,0.025,g,false,-,photoreform,Water / TEOA,(9 : 1 v/v),C6H15NO3,True,C6H15NO3,Solvothermal synthesis,60.0,°C,12.0,h,https://doi.org/10.1016/j.cattod.2024.114626
TiO2-B@CS3BI2Br9-100,98.1,𝜇mol.g-1.h-1,2.99,eV,400,nm,2000.0,nm,1000.0,W,65.0,m2.g-1,0.025,g,false,-,photoreform,Water / TEOA,(9 : 1 v/v),C6H15NO3,True,C6H15NO3,Solvothermal synthesis,60.0,°C,12.0,h,https://doi.org/10.1016/j.cattod.2024.114626
CaTiO3,5.12,𝜇mol.g-1.h-1,3.64,eV,250,nm,6000.0,nm,300.0,W,,m2.g-1,0.01,g,false,-,photoreform,Water / TEOA,(9 : 1 v/v),C6H15NO3,True,C6H15NO3,hydrothermal synthesis,,°C,,h,http://dx.doi.org/10.1007/s12274-024-6666-6
NiCo2S4CaTiO3,307.76,𝜇mol.g-1.h-1,3.61,eV,250,nm,6000.0,nm,300.0,W,,m2.g-1,0.01,g,Ni/Co,NiCo2S4,photoreform,Water / TEOA,(9 : 1 v/v),C6H15NO3,True,C6H15NO3,Mechanical grinding,200.0,°C,2.0,h,http://dx.doi.org/10.1007/s12274-024-6666-6
NaTaO3,50.0,𝜇mol.g-1.h-1,4.05,eV,250,nm,128.0,nm,150.0,W,1.1,m2.g-1,0.2,g,Pt,H2PtCl6·6H2O,photoreform,Water / methanol,(9 : 1 v/v),CH3OH,True,CH3OH,solid-state reaction,900.0,°C,12.0,h,https://doi.org/10.1016/j.ijhydene.2016.09.015
NaNbO3,20.0,𝜇mol.g-1.h-1,3.41,eV,250,nm,288.0,nm,150.0,W,1.0,m2.g-1,0.2,g,Pt,H2PtCl6·6H2O,photoreform,Water / methanol,(9 : 1 v/v),CH3OH,True,CH3OH,solid-state reaction,900.0,°C,12.0,h,https://doi.org/10.1016/j.ijhydene.2016.09.015
NaNb0.5Ta0.5O3,100.0,𝜇mol.g-1.h-1,3.53,eV,250,nm,133.0,nm,150.0,W,1.0,m2.g-1,0.2,g,Pt,H2PtCl6·6H2O,photoreform,Water / methanol,(9 : 1 v/v),CH3OH,True,CH3OH,solid-state reaction,900.0,°C,12.0,h,https://doi.org/10.1016/j.ijhydene.2016.09.015
LiNb0.5Ta0.5O3,10.0,𝜇mol.g-1.h-1,4.3,eV,250,nm,118.0,nm,150.0,W,2.0,m2.g-1,0.2,g,Pt,H2PtCl6·6H2O,photoreform,Water / methanol,(9 : 1 v/v),CH3OH,True,CH3OH,solid-state reaction,900.0,°C,12.0,h,https://doi.org/10.1016/j.ijhydene.2016.09.015
KNb0.5Ta0.5O3,40.0,𝜇mol.g-1.h-1,3.48,eV,250,nm,97.0,nm,150.0,W,2.1,m2.g-1,0.2,g,Pt,H2PtCl6·6H2O,photoreform,Water / methanol,(9 : 1 v/v),CH3OH,True,CH3OH,solid-state reaction,900.0,°C,12.0,h,https://doi.org/10.1016/j.ijhydene.2016.09.015
La2NiO4,2.4,𝜇mol.g-1.h-1,2.4,eV,420,nm,300.0,nm,300.0,W,3.0,m2.g-1,0.01,g,false,-,photoreform,Water / methanol,(4 : 1 v/v),CH3OH,True,CH3OH,Sol-gel + solid-state reaction,1200.0,°C,12.0,h,https://doi.org/10.1016/j.seppur.2023.123310
La1.9Sr0.1NiO4+δ,62.7,𝜇mol.g-1.h-1,2.1,eV,420,nm,300.0,nm,300.0,W,6.0,m2.g-1,0.01,g,false,-,photoreform,Water / methanol,(4 : 1 v/v),CH3OH,True,CH3OH,Sol-gel + solid-state reaction,1200.0,°C,12.0,h,https://doi.org/10.1016/j.seppur.2023.123310
La1.9Sr0.1Ni0.8Co0.2O4+δ,70.3,𝜇mol.g-1.h-1,2.15,eV,420,nm,300.0,nm,300.0,W,9.0,m2.g-1,0.01,g,false,-,photoreform,Water / methanol,(4 : 1 v/v),CH3OH,True,CH3OH,Sol-gel + solid-state reaction,1200.0,°C,12.0,h,https://doi.org/10.1016/j.seppur.2023.123310
La1.9Sr0.1Ni0.8Co0.2O4+δ,61.8,𝜇mol.g-1.h-1,2.0,eV,420,nm,300.0,nm,300.0,W,9.0,m2.g-1,0.01,g,false,-,photoreform,Water / methanol,(4 : 1 v/v),CH3OH,True,CH3OH,Sol-gel + solid-state reaction,1200.0,°C,12.0,h,https://doi.org/10.1016/j.seppur.2023.123310
BaTiO3,789700.0,𝜇mol.g-1.h-1,3.38,eV,400,nm,10.0,nm,,W,2.11,m2.g-1,0.05,g,Pt,H2PtCl6·6H2O,photoreform,Water / TEOA,(9 : 1 v/v),C6H15NO3,True,C6H15NO3,-,,°C,,h,https://doi.org/10.1016/j.jallcom.2018.04.300
BaTiO3,98500.0,𝜇mol.g-1.h-1,3.27,eV,400,nm,10.0,nm,,W,120.98,m2.g-1,0.05,g,Pt,H2PtCl6·6H2O,photoreform,Water / TEOA,(9 : 1 v/v),C6H15NO3,True,C6H15NO3,Wet-chemical templated synthesis,80.0,°C,12.0,h,https://doi.org/10.1016/j.jallcom.2018.04.300
BaTiO3,0.052,𝜇mol.g-1.h-1,3.2,eV,400,nm,,nm,300.0,W,1.1,m2.g-1,0.1,g,Pt,H2PtCl6·6H2O,photoreform,Water / methanol,(9 : 1 v/v),CH3OH,True,CH3OH,solid-state reaction,900.0,°C,12.0,h,https://doi.org/10.1021/acsaem.4c02142
BaTiO3,0.0,𝜇mol.g-1.h-1,3.2,eV,400,nm,,nm,300.0,W,4.1,m2.g-1,0.1,g,Pt,H2PtCl6·6H2O,photoreform,Water / methanol,(9 : 1 v/v),CH3OH,True,CH3OH,solid-state reaction,900.0,°C,12.0,h,https://doi.org/10.1021/acsaem.4c02142
PrTaON2,40.0,𝜇mol.g-1.h-1,2.09,eV,420,nm,3000.0,nm,300.0,W,,m2.g-1,0.05,g,Pt,H2PtCl6·6H2O,photoreform,Water / methanol,(4 : 1 v/v),CH3OH,True,CH3OH,solid-state reaction,900.0,°C,10.0,h,http://dx.doi.org/10.1021/jacs.4c08001
NdTaON2,180.0,𝜇mol.g-1.h-1,2.16,eV,420,nm,3000.0,nm,300.0,W,,m2.g-1,0.05,g,Pt,H2PtCl6·6H2O,photoreform,Water / methanol,(4 : 1 v/v),CH3OH,True,CH3OH,solid-state reaction,900.0,°C,10.0,h,http://dx.doi.org/10.1021/jacs.4c08001
SmTaON2,280.0,𝜇mol.g-1.h-1,2.25,eV,420,nm,3000.0,nm,300.0,W,,m2.g-1,0.05,g,Pt,H2PtCl6·6H2O,photoreform,Water / methanol,(4 : 1 v/v),CH3OH,True,CH3OH,solid-state reaction,900.0,°C,10.0,h,http://dx.doi.org/10.1021/jacs.4c08001
GdTaON2,400.0,𝜇mol.g-1.h-1,2.35,eV,420,nm,3000.0,nm,300.0,W,,m2.g-1,0.05,g,Pt,H2PtCl6·6H2O,photoreform,Water / methanol,(4 : 1 v/v),CH3OH,True,CH3OH,solid-state reaction,900.0,°C,10.0,h,http://dx.doi.org/10.1021/jacs.4c08001
Na0.5La0.5TiO3,5.0,𝜇mol.g-1.h-1,3.19,eV,425,nm,3000.0,nm,300.0,W,0.93,m2.g-1,0.1,g,Pt,H2PtCl6·6H2O,photoreform,Water / Formic Acid,(9 : 1 v/v),HCOOH,True,HCOOH,Polymerized-complex method,1100.0,°C,6.0,h,https://doi.org/10.1039/C6RA07891E
(Na0.5La0.5TiO3)0.9(LaCrO3)0.1,25.0,𝜇mol.g-1.h-1,2.9,eV,425,nm,1000.0,nm,300.0,W,2.99,m2.g-1,0.2,g,Pt,H2PtCl6·6H2O,photoreform,Water / Formic Acid,(9 : 1 v/v),HCOOH,True,HCOOH,Polymerized-complex method,1100.0,°C,6.0,h,https://doi.org/10.1039/C6RA07891E
(Na0.5La0.5TiO3)0.8(LaCrO3)0.2,110.0,𝜇mol.g-1.h-1,2.6,eV,425,nm,1100.0,nm,300.0,W,2.92,m2.g-1,0.3,g,Pt,H2PtCl6·6H2O,photoreform,Water / Formic Acid,(9 : 1 v/v),HCOOH,True,HCOOH,Polymerized-complex method,1100.0,°C,6.0,h,https://doi.org/10.1039/C6RA07891E
(Na0.5La0.5TiO3)0.7(LaCrO3)0.3,238.0,𝜇mol.g-1.h-1,2.35,eV,425,nm,1200.0,nm,300.0,W,2.72,m2.g-1,0.4,g,Pt,H2PtCl6·6H2O,photoreform,Water / Formic Acid,(9 : 1 v/v),HCOOH,True,HCOOH,Polymerized-complex method,1100.0,°C,6.0,h,https://doi.org/10.1039/C6RA07891E
(Na0.5La0.5TiO3)0.6(LaCrO3)0.4,165.0,𝜇mol.g-1.h-1,2.25,eV,425,nm,1500.0,nm,300.0,W,2.45,m2.g-1,0.5,g,Pt,H2PtCl6·6H2O,photoreform,Water / Formic Acid,(9 : 1 v/v),HCOOH,True,HCOOH,Polymerized-complex method,1100.0,°C,6.0,h,https://doi.org/10.1039/C6RA07891E
(Na0.5La0.5TiO3)0.5(LaCrO3)0.5,115.0,𝜇mol.g-1.h-1,2.15,eV,425,nm,1100.0,nm,300.0,W,2.9,m2.g-1,0.6,g,Pt,H2PtCl6·6H2O,photoreform,Water / Formic Acid,(9 : 1 v/v),HCOOH,True,HCOOH,Polymerized-complex method,1100.0,°C,6.0,h,https://doi.org/10.1039/C6RA07891E
LaCrO3,0.0,𝜇mol.g-1.h-1,2.7,eV,425,nm,2500.0,nm,300.0,W,1.9,m2.g-1,0.7,g,Pt,H2PtCl6·6H2O,photoreform,Water / Formic Acid,(9 : 1 v/v),HCOOH,True,HCOOH,Polymerized-complex method,1100.0,°C,6.0,h,https://doi.org/10.1039/C6RA07891E
HLaSrNb2NiO9,3.0,𝜇mol.g-1.h-1,3.49,eV,420,nm,1500.0,nm,300.0,W,26.7,m2.g-1,0.2,g,Pt,H2PtCl6·6H2O,photoreform,Water / methanol,(4.5 : 1 v/v),CH3OH,True,CH3OH,solid-state reaction,1300.0,°C,10.0,h,http://dx.doi.org/10.1021/cm902137s
CsLaSrNb2NiO9,0.6,𝜇mol.g-1.h-1,3.48,eV,420,nm,2000.0,nm,300.0,W,6.1,m2.g-1,0.5,g,Pt,H2PtCl6·6H2O,photoreform,Water / methanol,(4.5 : 1 v/v),CH3OH,True,CH3OH,solid-state reaction,1300.0,°C,10.0,h,http://dx.doi.org/10.1021/cm902137s
NaLaSrNb2NiO9,0.0,𝜇mol.g-1.h-1,2.84,eV,420,nm,1000.0,nm,300.0,W,1.3,m2.g-1,0.5,g,Pt,H2PtCl6·6H2O,photoreform,Water / methanol,(4.5 : 1 v/v),CH3OH,True,CH3OH,solid-state reaction,1300.0,°C,10.0,h,http://dx.doi.org/10.1021/cm902137s
K2Nb2O6,2420.0,𝜇mol.g-1.h-1,3.82,eV,400,nm,15000.0,nm,500.0,W,1.2,m2.g-1,0.05,g,Pt,H2PtCl6·6H2O,photoreform,Water / methanol,(4 : 1 v/v),CH3OH,True,CH3OH,One-pot hydrotermal,240.0,°C,12.0,h,http://dx.doi.org/10.1002/cjoc.201300817
KNbO3,920.0,𝜇mol.g-1.h-1,3.3,eV,400,nm,500.0,nm,500.0,W,2.1,m2.g-1,0.05,g,Pt,H2PtCl6·6H2O,photoreform,Water / methanol,(4 : 1 v/v),CH3OH,True,CH3OH,One-pot hydrotermal,240.0,°C,12.0,h,http://dx.doi.org/10.1002/cjoc.201300817
Nb2O5,360.0,𝜇mol.g-1.h-1,3.15,eV,400,nm,100.0,nm,500.0,W,8.4,m2.g-1,0.05,g,Pt,H2PtCl6·6H2O,photoreform,Water / methanol,(4 : 1 v/v),CH3OH,True,CH3OH,One-pot hydrotermal,240.0,°C,12.0,h,http://dx.doi.org/10.1002/cjoc.201300817
NaTaO3,556.0,𝜇mol.g-1.h-1,3.62,eV,400,nm,61.03,nm,450.0,W,,m2.g-1,0.05,g,false,-,photoreform,Water / methanol,(3.2 : 1 v/v),CH3OH,True,CH3OH,hydrothermal synthesis,125.0,°C,18.0,h,https://doi.org/10.1016/j.dwt.2024.100448
AgNaTaO3,2834.0,𝜇mol.g-1.h-1,3.6,eV,400,nm,48.9,nm,450.0,W,,m2.g-1,0.05,g,false,-,photoreform,Water / methanol,(3.2 : 1 v/v),CH3OH,True,CH3OH,hydrothermal synthesis,125.0,°C,18.0,h,https://doi.org/10.1016/j.dwt.2024.100448
NNaTaO3,3266.0,𝜇mol.g-1.h-1,3.57,eV,400,nm,53.5,nm,450.0,W,,m2.g-1,0.05,g,false,-,photoreform,Water / methanol,(3.2 : 1 v/v),CH3OH,True,CH3OH,hydrothermal synthesis,125.0,°C,18.0,h,https://doi.org/10.1016/j.dwt.2024.100448
PrFeO3,2847.0,𝜇mol.g-1.h-1,2.08,eV,400,nm,20.0,nm,400.0,W,10.88,m2.g-1,0.01,g,Pt,H2PtCl6·6H2O,photoreform,Water / ethanol,(20 : 1 v/v),CHOH,True,CHOH,Sol-gel,700.0,°C,5.0,h,http://dx.doi.org/10.1007/s12039-014-0596-x
PrFeO3,2132.0,𝜇mol.g-1.h-1,2.03,eV,400,nm,17.0,nm,400.0,W,15.7,m2.g-1,0.01,g,Pt,H2PtCl6·6H2O,photoreform,Water / ethanol,(20 : 1 v/v),CHOH,True,CHOH,Chitosan template,700.0,°C,5.0,h,http://dx.doi.org/10.1007/s12039-014-0596-x
PrFeO3,1986.0,𝜇mol.g-1.h-1,1.88,eV,400,nm,15.0,nm,400.0,W,10.13,m2.g-1,0.01,g,Pt,H2PtCl6·6H2O,photoreform,Water / ethanol,(20 : 1 v/v),CHOH,True,CHOH,Combustion,700.0,°C,5.0,h,http://dx.doi.org/10.1007/s12039-014-0596-x
SrTiO3,2.0,𝜇mol.g-1.h-1,3.05,eV,400,nm,1000.0,nm,300.0,W,,m2.g-1,0.1,g,WS2,WS2 nanodots,photoreform,Water / methanol,(9 : 1 v/v),CH3OH,True,CH3OH,Reduction in H2-N2,800.0,°C,10.0,h,https://doi.org/10.1039/C7CC08797G
SrTiWO3,8.0,𝜇mol.g-1.h-1,2.95,eV,400,nm,1000.0,nm,300.0,W,28.2,m2.g-1,0.1,g,WS2,WS2 nanodots,photoreform,Water / methanol,(9 : 1 v/v),CH3OH,True,CH3OH,Reduction in H2-N2,800.0,°C,10.0,h,https://doi.org/10.1039/C7CC08797G
WS2SrTiO3,45.0,𝜇mol.g-1.h-1,2.45,eV,400,nm,1000.0,nm,300.0,W,44.1,m2.g-1,0.1,g,WS2,WS2 nanodots,photoreform,Water / methanol,(9 : 1 v/v),CH3OH,True,CH3OH,Reduction in H2-N2,800.0,°C,10.0,h,https://doi.org/10.1039/C7CC08797G
TiZrHfNbTaO6N3,63800.0,𝜇mol.g-1.h-1,1.6,eV,400,nm,46000.0,nm,300.0,W,2.3,m2.g-1,0.05,g,Pt,Pt(NH3)4(NO3)2,photoreform,Water / methanol,(9 : 1 v/v),CH3OH,True,CH3OH,Oxidation and Nitring,1100.0,°C,24.0,h,https://doi.org/10.1039/D1TA03861C
HTi2NbO7,1163.0,𝜇mol.g-1.h-1,3.25,eV,760,nm,1.7,nm,300.0,W,17.9,m2.g-1,0.08,g,Pt,H2PtCl6·6H2O,photoreform,Water / TEOA,(9 : 1 v/v),C6H15NO3,True,C6H15NO3,solid-state reaction,1000.0,°C,12.0,h,https://doi.org/10.1016/j.apsusc.2020.145501
HTi2NbO7,125.0,𝜇mol.g-1.h-1,3.34,eV,760,nm,3.9,nm,300.0,W,107.5,m2.g-1,0.08,g,Pt,H2PtCl6·6H2O,photoreform,Water / TEOA,(9 : 1 v/v),C6H15NO3,True,C6H15NO3,solid-state reaction,1000.0,°C,12.0,h,https://doi.org/10.1016/j.apsusc.2020.145501
LaCoO3,27.0,𝜇mol.g-1.h-1,2.88,eV,400,nm,32.0,nm,125.0,W,4.2,m2.g-1,0.1,g,false,-,photoreform,Water / formaldehyde,(7 : 1 v/v),HCHO,True,HCHO,Microbial sol-gel,800.0,°C,4.0,h,https://doi.org/10.1016/j.fuel.2014.09.107
LaCo0.8Cu0.2O3,110.0,𝜇mol.g-1.h-1,2.69,eV,400,nm,27.0,nm,125.0,W,6.1,m2.g-1,0.1,g,false,-,photoreform,Water / formaldehyde,(7 : 1 v/v),HCHO,True,HCHO,Microbial sol-gel,800.0,°C,4.0,h,https://doi.org/10.1016/j.fuel.2014.09.107
LaCo0.7Cu0.3O3,310.0,𝜇mol.g-1.h-1,2.54,eV,400,nm,24.0,nm,125.0,W,6.8,m2.g-1,0.1,g,false,-,photoreform,Water / formaldehyde,(7 : 1 v/v),HCHO,True,HCHO,Microbial sol-gel,800.0,°C,4.0,h,https://doi.org/10.1016/j.fuel.2014.09.107
LaCo0.6Cu0.4O3,210.0,𝜇mol.g-1.h-1,2.72,eV,400,nm,29.0,nm,125.0,W,5.5,m2.g-1,0.1,g,false,-,photoreform,Water / formaldehyde,(7 : 1 v/v),HCHO,True,HCHO,Microbial sol-gel,800.0,°C,4.0,h,https://doi.org/10.1016/j.fuel.2014.09.107
LaCo0.7Cu0.3O3,1130.0,𝜇mol.g-1.h-1,2.38,eV,400,nm,18.0,nm,125.0,W,14.2,m2.g-1,0.1,g,false,-,photoreform,Water / formaldehyde,(7 : 1 v/v),HCHO,True,HCHO,Microbial sol-gel,800.0,°C,4.0,h,https://doi.org/10.1016/j.fuel.2014.09.107
BaCeO3,28.0,𝜇mol.g-1.h-1,3.16,eV,400,nm,16.0,nm,500.0,W,40.0,m2.g-1,0.9,g,false,-,photoreform,Water / glycerol,(9 : 1 v/v),C3H8O3,True,C3H8O3,Sol-gel,300.0,°C,3.0,h,https://doi.org/10.1007/s10971-019-05018-y
VBaCeO3,500.0,𝜇mol.g-1.h-1,2.91,eV,400,nm,15.0,nm,500.0,W,25.0,m2.g-1,0.9,g,V,NH4VO3,photoreform,Water / glycerol,(9 : 1 v/v),C3H8O3,True,C3H8O3,Sol-gel,300.0,°C,3.0,h,https://doi.org/10.1007/s10971-019-05018-y
AgBaCeO3,900.0,𝜇mol.g-1.h-1,2.81,eV,400,nm,14.0,nm,500.0,W,30.0,m2.g-1,0.9,g,Ag,AgNO3,photoreform,Water / glycerol,(9 : 1 v/v),C3H8O3,True,C3H8O3,Sol-gel,300.0,°C,3.0,h,https://doi.org/10.1007/s10971-019-05018-y
AuBaCeO3,1800.0,𝜇mol.g-1.h-1,2.3,eV,400,nm,12.0,nm,500.0,W,36.0,m2.g-1,0.9,g,Au,HAuCl4·3H2O,photoreform,Water / glycerol,(9 : 1 v/v),C3H8O3,True,C3H8O3,Sol-gel,300.0,°C,3.0,h,https://doi.org/10.1007/s10971-019-05018-y
PtBaCeO3,2400.0,𝜇mol.g-1.h-1,2.16,eV,400,nm,10.0,nm,500.0,W,38.0,m2.g-1,0.9,g,Pt,H2PtCl6·6H2O,photoreform,Water / glycerol,(9 : 1 v/v),C3H8O3,True,C3H8O3,Sol-gel,300.0,°C,3.0,h,https://doi.org/10.1007/s10971-019-05018-y
LaFeO3,9000.0,𝜇mol.g-1.h-1,2.04,eV,400,nm,100.0,nm,250.0,W,10.0,m2.g-1,0.5,g,false,-,photoreform,Water / methanol,(17 : 3 v/v),CH3OH,True,CH3OH,hydrothermal synthesis,500.0,°C,,h,https://doi.org/10.1016/j.ijhydene.2023.01.271
LaCoO3,76.0,𝜇mol.g-1.h-1,1.7,eV,420,nm,25.0,nm,300.0,W,12.0,m2.g-1,0.05,g,false,-,photoreform,Water / methanol,(9 : 1 v/v),CH3OH,True,CH3OH,Sol-gel,700.0,°C,5.0,h,https://doi.org/10.1021/acs.energyfuels.1c00512
Bi0.5Na0.5TiO3,325.4,𝜇mol.g-1.h-1,2.9,eV,346,nm,300.0,nm,500.0,W,27.3,m2.g-1,0.15,g,Pt,H2PtCl6·6H2O,photoreform,Water / methanol,(4 : 1 v/v),CH3OH,True,CH3OH,hydrothermal synthesis,160.0,°C,24.0,h,https://doi.org/10.1016/j.ijhydene.2011.10.105
NiTiO3,338.0,𝜇mol.g-1.h-1,2.19,eV,400,nm,500.0,nm,5.0,W,14.0,m2.g-1,0.01,g,false,-,photoreform,Water / TEOA,(85 : 15 v/v),C6H15NO3,True,C6H15NO3,Sol-gel,700.0,°C,4.0,h,https://doi.org/10.1016/j.renene.2022.02.009
NiTiO3Fe2P,5980.0,𝜇mol.g-1.h-1,2.19,eV,400,nm,500.0,nm,5.0,W,7.0,m2.g-1,0.01,g,Fe2P,Fe2P,photoreform,Water / TEOA,(85 : 15 v/v),C6H15NO3,True,C6H15NO3,Grinding + phosphating,300.0,°C,2.0,h,https://doi.org/10.1016/j.renene.2022.02.009
La2Ti2O7,40.0,𝜇mol.g-1.h-1,3.34,eV,400,nm,8.0,nm,,W,,m2.g-1,0.005,g,Pt,H2PtCl6·6H2O,photoreform,Water / methanol,(4 : 1 v/v),CH3OH,True,CH3OH,hydrothermal synthesis,500.0,°C,2.0,h,dx.doi.org/10.1016/j.apcatb.2016.09.021
NLa2Ti2O7,200.0,𝜇mol.g-1.h-1,3.17,eV,400,nm,8.0,nm,,W,,m2.g-1,0.005,g,Pt,H2PtCl6·6H2O,photoreform,Water / methanol,(4 : 1 v/v),CH3OH,True,CH3OH,hydrothermal synthesis,500.0,°C,2.0,h,dx.doi.org/10.1016/j.apcatb.2016.09.021
C3N4/N-La2Ti2O7,430.0,𝜇mol.g-1.h-1,2.65,eV,400,nm,8.0,nm,,W,,m2.g-1,0.005,g,Pt,H2PtCl6·6H2O,photoreform,Water / methanol,(4 : 1 v/v),CH3OH,True,CH3OH,hydrothermal synthesis,500.0,°C,2.0,h,dx.doi.org/10.1016/j.apcatb.2016.09.021
MgTiO3,11.2,𝜇mol.g-1.h-1,3.35,eV,400,nm,15.0,nm,300.0,W,16.4,m2.g-1,0.9,g,false,-,photoreform,Water / DEA,(85 : 15 v/v),HN(CH2CH2OH)2,True,HN(CH2CH2OH)2,Sol-gel,650.0,°C,4.0,h,https://doi.org/10.1016/j.ijhydene.2010.08.138
CaTiO3,6.7,𝜇mol.g-1.h-1,3.55,eV,400,nm,35.0,nm,300.0,W,14.7,m2.g-1,0.9,g,false,-,photoreform,Water / DEA,(85 : 15 v/v),HN(CH2CH2OH)2,True,HN(CH2CH2OH)2,Sol-gel,650.0,°C,4.0,h,https://doi.org/10.1016/j.ijhydene.2010.08.138
SrTiO3,13.4,𝜇mol.g-1.h-1,3.22,eV,400,nm,30.4,nm,300.0,W,12.2,m2.g-1,0.9,g,false,-,photoreform,Water / DEA,(85 : 15 v/v),HN(CH2CH2OH)2,True,HN(CH2CH2OH)2,Sol-gel,650.0,°C,4.0,h,https://doi.org/10.1016/j.ijhydene.2010.08.138
PtSrTiO3,67.0,𝜇mol.g-1.h-1,3.12,eV,400,nm,28.3,nm,300.0,W,18.8,m2.g-1,0.9,g,Pt,H2PtCl6·6H2O,photoreform,Water / DEA,(85 : 15 v/v),HN(CH2CH2OH)2,True,HN(CH2CH2OH)2,Sol-gel,650.0,°C,4.0,h,https://doi.org/10.1016/j.ijhydene.2010.08.138
Y2Ti2O5S2,4384.6,𝜇mol.g-1.h-1,1.9,eV,420,nm,1875.0,nm,300.0,W,4.0,m2.g-1,0.05,g,false,-,photoreform,Water / methanol,(9 : 1 v/v),CH3OH,True,CH3OH,solid-state reaction,1000.0,°C,10.0,h,https://doi.org/10.1002/advs.202412326
RhY2Ti2O5S2,4384.6,𝜇mol.g-1.h-1,1.9,eV,420,nm,1875.0,nm,300.0,W,4.0,m2.g-1,0.05,g,Rh,RhCl3,photoreform,Water / methanol,(9 : 1 v/v),CH3OH,True,CH3OH,solid-state reaction,1000.0,°C,10.0,h,https://doi.org/10.1002/advs.202412326
NaTaO3,30000.0,𝜇mol.g-1.h-1,4.05,eV,400,nm,212.0,nm,150.0,W,1.9,m2.g-1,0.2,g,Pt,H2PtCl6·6H2O,photoreform,Water / methanol,(9 : 1 v/v),CH3OH,True,CH3OH,solid-state reaction,900.0,°C,12.0,h,http://dx.doi.org/10.1016/j.ijhydene.2013.12.182
Y0.02Na0.08TaO3,96000.0,𝜇mol.g-1.h-1,4.08,eV,400,nm,165.0,nm,150.0,W,4.4,m2.g-1,0.2,g,Pt,H2PtCl6·6H2O,photoreform,Water / methanol,(9 : 1 v/v),CH3OH,True,CH3OH,solid-state reaction,900.0,°C,12.0,h,http://dx.doi.org/10.1016/j.ijhydene.2013.12.182
La0.02Na0.08TaO3,42000.0,𝜇mol.g-1.h-1,4.07,eV,400,nm,181.0,nm,150.0,W,2.4,m2.g-1,0.2,g,Pt,H2PtCl6·6H2O,photoreform,Water / methanol,(9 : 1 v/v),CH3OH,True,CH3OH,solid-state reaction,900.0,°C,12.0,h,http://dx.doi.org/10.1016/j.ijhydene.2013.12.182
Yb0.02Na0.08TaO3,66000.0,𝜇mol.g-1.h-1,4.09,eV,400,nm,199.0,nm,150.0,W,2.4,m2.g-1,0.2,g,Pt,H2PtCl6·6H2O,photoreform,Water / methanol,(9 : 1 v/v),CH3OH,True,CH3OH,solid-state reaction,900.0,°C,12.0,h,http://dx.doi.org/10.1016/j.ijhydene.2013.12.182
Ce0.02Na0.08TaO3,6000.0,𝜇mol.g-1.h-1,4.04,eV,400,nm,92.0,nm,150.0,W,4.7,m2.g-1,0.2,g,Pt,H2PtCl6·6H2O,photoreform,Water / methanol,(9 : 1 v/v),CH3OH,True,CH3OH,solid-state reaction,900.0,°C,12.0,h,http://dx.doi.org/10.1016/j.ijhydene.2013.12.182
BaBi5Ti3O14Cl,20.0,𝜇mol.g-1.h-1,2.52,eV,500,nm,2500.0,nm,300.0,W,1.8,m2.g-1,0.1,g,Pt,H2PtCl6·6H2O,photoreform,Water / methanol,(8 : 2 v/v),CH3OH,True,CH3OH,solid-state reaction,900.0,°C,20.0,h,https://doi.org/10.1039/D0TA12550D
Ba2Bi5Ti4O17Cl,40.0,𝜇mol.g-1.h-1,2.6,eV,500,nm,1000.0,nm,300.0,W,3.6,m2.g-1,0.1,g,Pt,H2PtCl6·6H2O,photoreform,Water / methanol,(8 : 2 v/v),CH3OH,True,CH3OH,solid-state reaction,900.0,°C,20.0,h,https://doi.org/10.1039/D0TA12550D
Ba3Bi5Ti5O20Cl,90.0,𝜇mol.g-1.h-1,2.61,eV,500,nm,1500.0,nm,300.0,W,1.9,m2.g-1,0.1,g,Pt,H2PtCl6·6H2O,photoreform,Water / methanol,(8 : 2 v/v),CH3OH,True,CH3OH,solid-state reaction,900.0,°C,20.0,h,https://doi.org/10.1039/D0TA12550D
CaTiO3,600.0,𝜇mol.g-1.h-1,3.44,eV,400,nm,300.0,nm,300.0,W,123.8,m2.g-1,0.02,g,false,-,photoreform,Water / methanol,(5 : 5 v/v),CH3OH,True,CH3OH,hydrothermal synthesis,600.0,°C,4.0,h,https://doi.org/10.1002/adfm.202112831
CxNyOzCaTiO3,6500.0,𝜇mol.g-1.h-1,3.44,eV,400,nm,300.0,nm,300.0,W,123.8,m2.g-1,0.02,g,C,Carbon dots,photoreform,Water / methanol,(5 : 5 v/v),CH3OH,True,CH3OH,hydrothermal synthesis,600.0,°C,4.0,h,https://doi.org/10.1002/adfm.202112831
AuCaTiO3,20500.0,𝜇mol.g-1.h-1,3.44,eV,400,nm,300.0,nm,300.0,W,123.8,m2.g-1,0.02,g,Au,Au nanoparticles,photoreform,Water / methanol,(5 : 5 v/v),CH3OH,True,CH3OH,hydrothermal synthesis,600.0,°C,4.0,h,https://doi.org/10.1002/adfm.202112831
PtCaTiO3,10000.0,𝜇mol.g-1.h-1,3.44,eV,400,nm,300.0,nm,300.0,W,123.8,m2.g-1,0.02,g,Pt,Pt nanoparticles,photoreform,Water / methanol,(5 : 5 v/v),CH3OH,True,CH3OH,hydrothermal synthesis,600.0,°C,4.0,h,https://doi.org/10.1002/adfm.202112831
LaNiO3,709.0,𝜇mol.g-1.h-1,2.54,eV,420,nm,200.0,nm,300.0,W,1.5,m2.g-1,0.02,g,false,-,photoreform,Water / TEOA,(9 : 1 v/v),C6H15NO3,True,C6H15NO3,Sol-high calcination method,750.0,°C,5.0,h,https://doi.org/10.1007/s11581-019-03210-2
MoS2LaNiO3,2355.0,𝜇mol.g-1.h-1,2.08,eV,420,nm,160.0,nm,300.0,W,10.97,m2.g-1,0.02,g,MoS2,(NH4)6Mo7O24·4(H2O),photoreform,Water / TEOA,(9 : 1 v/v),C6H15NO3,True,C6H15NO3,Sol-high calcination method,750.0,°C,5.0,h,https://doi.org/10.1007/s11581-019-03210-2
KNbO3,1242.0,𝜇mol.g-1.h-1,3.24,eV,300,nm,300.0,nm,250.0,W,3.9,m2.g-1,0.05,g,Pt,H2PtCl6·6H2O,photoreform,Water / methanol,(3: 1 v/v),CH3OH,True,CH3OH,hydrothermal synthesis,160.0,°C,12.0,h,https://doi.org/10.1016/j.ijhydene.2013.01.028
KNbO3,677.0,𝜇mol.g-1.h-1,3.25,eV,300,nm,2000.0,nm,250.0,W,4.8,m2.g-1,0.05,g,Pt,H2PtCl6·6H2O,photoreform,Water / methanol,(3: 1 v/v),CH3OH,True,CH3OH,hydrothermal synthesis,180.0,°C,48.0,h,https://doi.org/10.1016/j.ijhydene.2013.01.028
KNbO3,10.0,𝜇mol.g-1.h-1,3.16,eV,300,nm,10000.0,nm,250.0,W,0.5,m2.g-1,0.05,g,Pt,H2PtCl6·6H2O,photoreform,Water / methanol,(3: 1 v/v),CH3OH,True,CH3OH,hydrothermal synthesis,80.0,°C,12.0,h,https://doi.org/10.1016/j.ijhydene.2013.01.028
KCa2Ta3O10,0.0,𝜇mol.g-1.h-1,3.44,eV,400,nm,1000.0,nm,,W,33.6,m2.g-1,0.05,g,Pt,H2PtCl6·6H2O,photoreform,Water / methanol,(4: 1 v/v),CH3OH,True,CH3OH,solid-state reaction,1200.0,°C,12.0,h,https://doi.org/10.1039/C8CY00930A
CNKCa2Ta3O10,216.0,𝜇mol.g-1.h-1,2.68,eV,400,nm,1000.0,nm,,W,20.69,m2.g-1,0.05,g,Pt,H2PtCl6·6H2O,photoreform,Water / methanol,(4: 1 v/v),CH3OH,True,CH3OH,solid-state reaction,1200.0,°C,12.0,h,https://doi.org/10.1039/C8CY00930A
CaBi2Ta2O9,0.62,𝜇mol.g-1.h-1,3.09,eV,400,nm,1500.0,nm,300.0,W,,m2.g-1,0.05,g,Pt,H2PtCl6·6H2O,photoreform,Water / TEOA,(9 : 1 v/v),C6H15NO3,True,C6H15NO3,Molten salt method,900.0,°C,3.0,h,https://doi.org/10.1016/j.apsusc.2023.158596
LaNi0.9Cu0.1O3,574.0,𝜇mol.g-1.h-1,3.6,eV,400,nm,,nm,125.0,W,,m2.g-1,0.1,g,false,-,photoreform,Water / formaldehyde,(7 : 1 v/v),HCHO,True,HCHO,Citric-acid assisted co-precipitation,,°C,,h,https://doi.org/10.1016/j.ijhydene.2010.08.140
LaNi0.9Cu0.1O3,574.0,𝜇mol.g-1.h-1,2.69,eV,400,nm,,nm,125.0,W,,m2.g-1,0.1,g,false,-,photoreform,Water / formaldehyde,(7 : 1 v/v),HCHO,True,HCHO,Citric-acid assisted co-precipitation,300.0,°C,2.0,h,https://doi.org/10.1016/j.ijhydene.2010.08.140
LaNi0.6Cu0.4O3,1180.0,𝜇mol.g-1.h-1,2.51,eV,400,nm,,nm,125.0,W,,m2.g-1,0.1,g,false,-,photoreform,Water / formaldehyde,(7 : 1 v/v),HCHO,True,HCHO,Citric-acid assisted co-precipitation,200.0,°C,2.0,h,https://doi.org/10.1016/j.ijhydene.2010.08.140
LaNi0.6Cu0.4O3,1180.0,𝜇mol.g-1.h-1,2.54,eV,400,nm,,nm,125.0,W,,m2.g-1,0.1,g,false,-,photoreform,Water / formaldehyde,(7 : 1 v/v),HCHO,True,HCHO,Citric-acid assisted co-precipitation,250.0,°C,2.0,h,https://doi.org/10.1016/j.ijhydene.2010.08.140
LaNi0.5Cu0.5O3,1166.0,𝜇mol.g-1.h-1,2.47,eV,400,nm,,nm,125.0,W,,m2.g-1,0.1,g,false,-,photoreform,Water / formaldehyde,(7 : 1 v/v),HCHO,True,HCHO,Citric-acid assisted co-precipitation,200.0,°C,2.0,h,https://doi.org/10.1016/j.ijhydene.2010.08.140
NiTiO3,586.0,𝜇mol.g-1.h-1,2.24,eV,400,nm,38.94,nm,13.6,W,,m2.g-1,0.25,g,false,-,photoreform,Water / methanol,(9 : 1 v/v),CH3OH,True,CH3OH,Sol-gel,600.0,°C,,h,https://doi.org/10.3390/en17153704 
Ni0.99Co0.01TiO3,510.0,𝜇mol.g-1.h-1,2.23,eV,400,nm,36.73,nm,13.6,W,,m2.g-1,0.25,g,Co,Co(NO3)2·6H2O,photoreform,Water / methanol,(9 : 1 v/v),CH3OH,True,CH3OH,Sol-gel,600.0,°C,,h,https://doi.org/10.3390/en17153704 
Ni0.97Co0.03TiO3,572.0,𝜇mol.g-1.h-1,2.22,eV,400,nm,36.24,nm,13.6,W,,m2.g-1,0.25,g,Co,Co(NO3)2·6H2O,photoreform,Water / methanol,(9 : 1 v/v),CH3OH,True,CH3OH,Sol-gel,600.0,°C,,h,https://doi.org/10.3390/en17153704 
Ni0.95Co0.05TiO3,710.0,𝜇mol.g-1.h-1,2.16,eV,400,nm,36.79,nm,13.6,W,,m2.g-1,0.25,g,Co,Co(NO3)2·6H2O,photoreform,Water / methanol,(9 : 1 v/v),CH3OH,True,CH3OH,Sol-gel,600.0,°C,,h,https://doi.org/10.3390/en17153704 
Ni0.90Co0.10TiO3,940.0,𝜇mol.g-1.h-1,2.23,eV,400,nm,42.13,nm,13.6,W,,m2.g-1,0.25,g,Co,Co(NO3)2·6H2O,photoreform,Water / methanol,(9 : 1 v/v),CH3OH,True,CH3OH,Sol-gel,600.0,°C,,h,https://doi.org/10.3390/en17153704 
LiTaO3,7100.0,𝜇mol.g-1.h-1,5.12,eV,400,nm,8.18,nm,450.0,W,,m2.g-1,0.01,g,false,-,photoreform,Water / Formic Acid,(38:12 v/v),HCOOH,True,HCOOH,Solvothermal synthesis,200.0,°C,15.0,h,https://doi.org/10.1002/aoc.6207
AgLiTaO3,2400.0,𝜇mol.g-1.h-1,4.92,eV,400,nm,7.92,nm,450.0,W,,m2.g-1,0.01,g,false,-,photoreform,Water / Formic Acid,(38:12 v/v),HCOOH,True,HCOOH,Solvothermal synthesis,200.0,°C,15.0,h,https://doi.org/10.1002/aoc.6207
NLiTaO3,1230.0,𝜇mol.g-1.h-1,4.82,eV,400,nm,6.2,nm,450.0,W,,m2.g-1,0.01,g,false,-,photoreform,Water / Formic Acid,(38:12 v/v),HCOOH,True,HCOOH,Solvothermal synthesis,200.0,°C,15.0,h,https://doi.org/10.1002/aoc.6207
CaTaO2N,26.0,𝜇mol.g-1.h-1,2.43,eV,420,nm,400.0,nm,300.0,W,,m2.g-1,0.05,g,Pt,H2PtCl6·6H2O,photoreform,Water / methanol,(4: 1 v/v),CH3OH,True,CH3OH,Thermal nitridation (ammonolysis),900.0,°C,15.0,h,https://doi.org/10.1016/j.cej.2021.134041
Ta3N5,48.0,𝜇mol.g-1.h-1,2.07,eV,420,nm,400.0,nm,300.0,W,,m2.g-1,0.05,g,Pt,H2PtCl6·6H2O,photoreform,Water / methanol,(4: 1 v/v),CH3OH,True,CH3OH,Thermal nitridation (ammonolysis),900.0,°C,15.0,h,https://doi.org/10.1016/j.cej.2021.134041
Ta3N5CaTaO2N,104.0,𝜇mol.g-1.h-1,2.07,eV,420,nm,400.0,nm,300.0,W,,m2.g-1,0.05,g,Pt,H2PtCl6·6H2O,photoreform,Water / methanol,(4: 1 v/v),CH3OH,True,CH3OH,Thermal nitridation (ammonolysis),900.0,°C,3.0,h,https://doi.org/10.1016/j.cej.2021.134041
Ta3N5BiCaTaO2N,292.0,𝜇mol.g-1.h-1,2.07,eV,420,nm,400.0,nm,300.0,W,13.43,m2.g-1,0.05,g,Pt,H2PtCl6·6H2O,photoreform,Water / methanol,(4: 1 v/v),CH3OH,True,CH3OH,Thermal nitridation (ammonolysis),1000.0,°C,3.0,h,https://doi.org/10.1016/j.cej.2021.134041
SrTiO3,838.4,𝜇mol.g-1.h-1,3.29,eV,400,nm,128.5,nm,300.0,W,23.93,m2.g-1,0.01,g,Pt,H2PtCl6·6H2O,photoreform,Water / methanol,(9 : 1 v/v),CH3OH,True,CH3OH,Electrospinning,750.0,°C,3.0,h,https://doi.org/10.1016/j.nanoen.2024.109745
BaTiO3,179.6,𝜇mol.g-1.h-1,3.27,eV,400,nm,118.8,nm,300.0,W,,m2.g-1,0.01,g,Pt,H2PtCl6·6H2O,photoreform,Water / methanol,(9 : 1 v/v),CH3OH,True,CH3OH,solid-state reaction,800.0,°C,10.0,h,https://doi.org/10.1016/j.nanoen.2024.109745
SrTiO3BaTiO3,1950.2,𝜇mol.g-1.h-1,3.27,eV,400,nm,129.8,nm,300.0,W,12.0,m2.g-1,0.01,g,Pt,H2PtCl6·6H2O,photoreform,Water / methanol,(9 : 1 v/v),CH3OH,True,CH3OH,Electrospinning,750.0,°C,3.0,h,https://doi.org/10.1016/j.nanoen.2024.109745
LaNi0.7Cu0.3O3,30000.0,𝜇mol.g-1.h-1,3.7,eV,400,nm,,nm,125.0,W,,m2.g-1,0.1,g,false,-,photoreform,Water / formaldehyde,(7 : 1 v/v),HCHO,True,HCHO,Sol-gel,800.0,°C,5.0,h,https://doi.org/10.1016/j.ijhydene.2010.03.090
LaNi0.7Cu0.3O3,340000.0,𝜇mol.g-1.h-1,2.7,eV,400,nm,,nm,125.0,W,,m2.g-1,0.1,g,false,-,photoreform,Water / formaldehyde,(7 : 1 v/v),HCHO,True,HCHO,Sol-gel + H2 reduction,800.0,°C,5.0,h,https://doi.org/10.1016/j.ijhydene.2010.03.090
LaNi0.7Cu0.3O3,583000.0,𝜇mol.g-1.h-1,2.8,eV,400,nm,,nm,125.0,W,,m2.g-1,0.1,g,false,-,photoreform,Water / formaldehyde,(7 : 1 v/v),HCHO,True,HCHO,Sol-gel + H2 reduction,800.0,°C,5.0,h,https://doi.org/10.1016/j.ijhydene.2010.03.090
LaNi0.7Cu0.3O3,160000.0,𝜇mol.g-1.h-1,2.8,eV,400,nm,,nm,125.0,W,,m2.g-1,0.1,g,false,-,photoreform,Water / formaldehyde,(7 : 1 v/v),HCHO,True,HCHO,Sol-gel + H2 reduction,800.0,°C,5.0,h,https://doi.org/10.1016/j.ijhydene.2010.03.090
La2NiO4,5.81,𝜇mol.g-1.h-1,2.2,eV,420,nm,100.0,nm,300.0,W,6.63,m2.g-1,0.01,g,false,-,photoreform,Water / methanol,(4 : 1 v/v),CH3OH,True,CH3OH,Citric-acid assisted co-precipitation,1000.0,°C,6.0,h,https://doi.org/10.1021/acsaem.1c01716
La2NiO3C3N4,312.8,𝜇mol.g-1.h-1,2.2,eV,420,nm,100.0,nm,300.0,W,72.24,m2.g-1,0.01,g,false,-,photoreform,Water / methanol,(4 : 1 v/v),CH3OH,True,CH3OH,Citric-acid assisted co-precipitation,400.0,°C,2.0,h,https://doi.org/10.1021/acsaem.1c01716
La2NiO3C3N4,175.0,𝜇mol.g-1.h-1,2.2,eV,420,nm,100.0,nm,300.0,W,97.04,m2.g-1,0.01,g,false,-,photoreform,Water / methanol,(4 : 1 v/v),CH3OH,True,CH3OH,Citric-acid assisted co-precipitation,400.0,°C,2.0,h,https://doi.org/10.1021/acsaem.1c01716
SrTiO3,0.0,𝜇mol.g-1.h-1,3.3,eV,400,nm,5000.0,nm,300.0,W,0.2,m2.g-1,0.05,g,Pt,H2PtCl6·6H2O,photoreform,Water / methanol,(9 : 1 v/v),CH3OH,True,CH3OH,solid-state reaction,1200.0,°C,24.0,h,https://doi.org/10.1016/j.jmst.2021.01.039
(SrTiO3)0.95(CaCr0.5Nb0.5O3)0.05,0.0,𝜇mol.g-1.h-1,2.2,eV,400,nm,1000.0,nm,300.0,W,0.6,m2.g-1,0.05,g,Pt,H2PtCl6·6H2O,photoreform,Water / methanol,(9 : 1 v/v),CH3OH,True,CH3OH,solid-state reaction,1200.0,°C,24.0,h,https://doi.org/10.1016/j.jmst.2021.01.039
(SrTiO3)0.9(CaCr0.5Nb0.5O3)0.1,115.0,𝜇mol.g-1.h-1,2.3,eV,400,nm,500.0,nm,300.0,W,2.5,m2.g-1,0.05,g,Pt,H2PtCl6·6H2O,photoreform,Water / methanol,(9 : 1 v/v),CH3OH,True,CH3OH,solid-state reaction,1200.0,°C,24.0,h,https://doi.org/10.1016/j.jmst.2021.01.039
(SrTiO3)0.85(CaCr0.5Nb0.5O3)0.15,245.0,𝜇mol.g-1.h-1,2.3,eV,400,nm,500.0,nm,300.0,W,2.3,m2.g-1,0.05,g,Pt,H2PtCl6·6H2O,photoreform,Water / methanol,(9 : 1 v/v),CH3OH,True,CH3OH,solid-state reaction,1200.0,°C,24.0,h,https://doi.org/10.1016/j.jmst.2021.01.039
LaCoO3,45.0,𝜇mol.g-1.h-1,1.7,eV,420,nm,300.0,nm,35.0,W,,m2.g-1,0.1,g,false,-,photoreform,Water / methanol,(19 : 1 v/v),CH3OH,True,CH3OH,hydrothermal synthesis,850.0,°C,3.0,h,https://doi.org/10.1016/j.enconman.2022.115787
LaCoO3C3N4,80.0,𝜇mol.g-1.h-1,1.7,eV,420,nm,300.0,nm,35.0,W,,m2.g-1,0.1,g,false,-,photoreform,Water / methanol,(19 : 1 v/v),CH3OH,True,CH3OH,hydrothermal synthesis,850.0,°C,3.0,h,https://doi.org/10.1016/j.enconman.2022.115787
AgLaCoO3C3N4,3160.0,𝜇mol.g-1.h-1,1.7,eV,420,nm,300.0,nm,35.0,W,,m2.g-1,0.1,g,Ag,Ag nanoparticles,photoreform,Water / methanol,(19 : 1 v/v),CH3OH,True,CH3OH,hydrothermal synthesis,850.0,°C,3.0,h,https://doi.org/10.1016/j.enconman.2022.115787
LaFeO3,0.0,𝜇mol.g-1.h-1,2.6,eV,400,nm,125.0,nm,,W,4.7,m2.g-1,0.15,g,false,-,photoreform,Water / formaldehyde,(7 : 1 v/v),HCHO,True,HCHO,Citrate sol-gel,800.0,°C,5.0,h,https://doi.org/10.1016/j.ijhydene.2015.07.166
LaFe0.8LaCu0.2,18.0,𝜇mol.g-1.h-1,2.4,eV,400,nm,125.0,nm,,W,5.3,m2.g-1,0.15,g,Cu,Cu(NO3)2,photoreform,Water / formaldehyde,(7 : 1 v/v),HCHO,True,HCHO,Citrate sol-gel + H2 reduction,800.0,°C,5.0,h,https://doi.org/10.1016/j.ijhydene.2015.07.166
LaFe0.8LaCu0.2,139.0,𝜇mol.g-1.h-1,2.2,eV,400,nm,125.0,nm,,W,4.2,m2.g-1,0.15,g,Cu,Cu(NO3)2,photoreform,Water / formaldehyde,(7 : 1 v/v),HCHO,True,HCHO,Citrate sol-gel + H2 reduction,800.0,°C,5.0,h,https://doi.org/10.1016/j.ijhydene.2015.07.166
LaFe0.8LaCu0.2,343.0,𝜇mol.g-1.h-1,2.2,eV,400,nm,125.0,nm,,W,7.3,m2.g-1,0.15,g,Cu,Cu(NO3)2,photoreform,Water / formaldehyde,(7 : 1 v/v),HCHO,True,HCHO,Citrate sol-gel + H2 reduction,800.0,°C,5.0,h,https://doi.org/10.1016/j.ijhydene.2015.07.166
LaFe0.8LaCu0.2,128.0,𝜇mol.g-1.h-1,2.2,eV,400,nm,125.0,nm,,W,5.7,m2.g-1,0.15,g,Cu,Cu(NO3)2,photoreform,Water / formaldehyde,(7 : 1 v/v),HCHO,True,HCHO,Citrate sol-gel + H2 reduction,800.0,°C,5.0,h,https://doi.org/10.1016/j.ijhydene.2015.07.166
LaFe0.8LaCu0.2,109.0,𝜇mol.g-1.h-1,2.3,eV,400,nm,125.0,nm,,W,5.5,m2.g-1,0.15,g,Cu,Cu(NO3)2,photoreform,Water / formaldehyde,(7 : 1 v/v),HCHO,True,HCHO,Citrate sol-gel + H2 reduction,800.0,°C,5.0,h,https://doi.org/10.1016/j.ijhydene.2015.07.166
LaFe0.8LaCu0.2,55.0,𝜇mol.g-1.h-1,2.5,eV,400,nm,125.0,nm,,W,5.0,m2.g-1,0.15,g,Cu,Cu(NO3)2,photoreform,Water / formaldehyde,(7 : 1 v/v),HCHO,True,HCHO,Citrate sol-gel + H2 reduction,800.0,°C,5.0,h,https://doi.org/10.1016/j.ijhydene.2015.07.166
La2CuO4,60.0,𝜇mol.g-1.h-1,1.8,eV,400,nm,125.0,nm,,W,5.7,m2.g-1,0.15,g,false,-,photoreform,Water / formaldehyde,(7 : 1 v/v),HCHO,True,HCHO,Citrate sol-gel,800.0,°C,5.0,h,https://doi.org/10.1016/j.ijhydene.2015.07.166
BaTiO3,3.3,𝜇mol.g-1.h-1,2.97,eV,400,nm,158.0,nm,300.0,W,1.58,m2.g-1,0.06,g,Pt,H2PtCl6·6H2O,photoreform,Water / TEOA,(3 : 1 v/v),C6H15NO3,True,C6H15NO3,Sol-gel,1100.0,°C,2.0,h,https://doi.org/10.1002/slct.202304550
BaTi0.995Ta0.005O3,4.2,𝜇mol.g-1.h-1,2.96,eV,400,nm,142.0,nm,300.0,W,,m2.g-1,0.06,g,Pt,H2PtCl6·6H2O,photoreform,Water / TEOA,(3 : 1 v/v),C6H15NO3,True,C6H15NO3,Sol-gel,1100.0,°C,2.0,h,https://doi.org/10.1002/slct.202304550
BaTi0.9875Ta0.0125O3,7.95,𝜇mol.g-1.h-1,2.96,eV,400,nm,130.0,nm,300.0,W,2.13,m2.g-1,0.06,g,Pt,H2PtCl6·6H2O,photoreform,Water / TEOA,(3 : 1 v/v),C6H15NO3,True,C6H15NO3,Sol-gel,1100.0,°C,2.0,h,https://doi.org/10.1002/slct.202304550
BaTi0.98Ta0.02O3,6.3,𝜇mol.g-1.h-1,2.97,eV,400,nm,105.0,nm,300.0,W,,m2.g-1,0.06,g,Pt,H2PtCl6·6H2O,photoreform,Water / TEOA,(3 : 1 v/v),C6H15NO3,True,C6H15NO3,Sol-gel,1100.0,°C,2.0,h,https://doi.org/10.1002/slct.202304550
LaCrO3,32.8,𝜇mol.g-1.h-1,2.6,eV,400,nm,234.0,nm,150.0,W,,m2.g-1,0.02,g,Pt,H2PtCl6·6H2O,photoreform,Water / methanol,(9 : 1 v/v),CH3OH,True,CH3OH,Combustion,800.0,°C,4.0,h,https://doi.org/10.1021/acs.inorgchem.8b02364
PbTiO3,71.4,𝜇mol.g-1.h-1,2.8,eV,400,nm,176.0,nm,150.0,W,,m2.g-1,0.02,g,Pt,H2PtCl6·6H2O,photoreform,Water / methanol,(9 : 1 v/v),CH3OH,True,CH3OH,Combustion,800.0,°C,4.0,h,https://doi.org/10.1021/acs.inorgchem.8b02364
PbTiO3LaCrO3,289.0,𝜇mol.g-1.h-1,2.6,eV,400,nm,,nm,150.0,W,,m2.g-1,0.02,g,Pt,H2PtCl6·6H2O,photoreform,Water / methanol,(9 : 1 v/v),CH3OH,True,CH3OH,Combustion,800.0,°C,4.0,h,https://doi.org/10.1021/acs.inorgchem.8b02364
PbTiO3LaCrO3,343.57,𝜇mol.g-1.h-1,2.6,eV,400,nm,176.0,nm,150.0,W,,m2.g-1,0.02,g,Pt,H2PtCl6·6H2O,photoreform,Water / methanol,(9 : 1 v/v),CH3OH,True,CH3OH,Combustion,800.0,°C,4.0,h,https://doi.org/10.1021/acs.inorgchem.8b02364
PbTiO3LaCrO3,318.0,𝜇mol.g-1.h-1,2.6,eV,400,nm,,nm,150.0,W,,m2.g-1,0.02,g,Pt,H2PtCl6·6H2O,photoreform,Water / methanol,(9 : 1 v/v),CH3OH,True,CH3OH,Combustion,800.0,°C,4.0,h,https://doi.org/10.1021/acs.inorgchem.8b02364
PbTiO3LaCrO3,245.0,𝜇mol.g-1.h-1,2.6,eV,400,nm,,nm,150.0,W,,m2.g-1,0.02,g,Pt,H2PtCl6·6H2O,photoreform,Water / methanol,(9 : 1 v/v),CH3OH,True,CH3OH,Combustion,800.0,°C,4.0,h,https://doi.org/10.1021/acs.inorgchem.8b02364
PbTiO3LaCrO3,205.0,𝜇mol.g-1.h-1,2.6,eV,400,nm,,nm,150.0,W,,m2.g-1,0.02,g,Pt,H2PtCl6·6H2O,photoreform,Water / methanol,(9 : 1 v/v),CH3OH,True,CH3OH,Combustion,800.0,°C,4.0,h,https://doi.org/10.1021/acs.inorgchem.8b02364
CaSnO3,274.0,𝜇mol.g-1.h-1,4.3,eV,365,nm,2200.0,nm,125.0,W,13.5,m2.g-1,0.1,g,false,-,photoreform,Water / ethanol,(31 : 1 v/v),C2H5OH,True,C2H5OH,hydrothermal synthesis,700.0,°C,6.0,h,https://doi.org/10.1039/C6RA05614H
SrSnO3,42.0,𝜇mol.g-1.h-1,4.1,eV,365,nm,4000.0,nm,125.0,W,16.9,m2.g-1,0.1,g,false,-,photoreform,Water / ethanol,(31 : 1 v/v),C2H5OH,True,C2H5OH,hydrothermal synthesis,700.0,°C,6.0,h,https://doi.org/10.1039/C6RA05614H
BaSnO3,24.0,𝜇mol.g-1.h-1,3.12,eV,365,nm,300.0,nm,125.0,W,5.9,m2.g-1,0.1,g,false,-,photoreform,Water / ethanol,(31 : 1 v/v),C2H5OH,True,C2H5OH,hydrothermal synthesis,700.0,°C,6.0,h,https://doi.org/10.1039/C6RA05614H
SrTiO3,120.1,𝜇mol.g-1.h-1,3.29,eV,400,nm,150.0,nm,300.0,W,25.82,m2.g-1,0.01,g,false,-,photoreform,Water / methanol,(95 : 5 v/v),CH3OH,True,CH3OH,Electrospinning,550.0,°C,2.0,h,https://doi.org/10.1021/acsanm.4c01427
SrTiO3C3N4,189.8,𝜇mol.g-1.h-1,3.29,eV,400,nm,150.0,nm,300.0,W,27.03,m2.g-1,0.01,g,false,-,photoreform,Water / methanol,(95 : 5 v/v),CH3OH,True,CH3OH,Electrospinning,550.0,°C,2.0,h,https://doi.org/10.1021/acsanm.4c01427
SrTiO3ZnS,1790.0,𝜇mol.g-1.h-1,3.34,eV,400,nm,25.0,nm,300.0,W,149.68,m2.g-1,0.01,g,Zn,ZnS nanoparticles,photoreform,Water / methanol,(95 : 5 v/v),CH3OH,True,CH3OH,Electrospinning,550.0,°C,2.0,h,https://doi.org/10.1021/acsanm.4c01427
SrTiO3,2950.0,𝜇mol.g-1.h-1,3.12,eV,780,nm,32.0,nm,300.0,W,16.88,m2.g-1,0.05,g,Pt,H2PtCl6·6H2O,photoreform,Water / methanol,(11 : 3 v/v),CH3OH,True,CH3OH,Solvothermal synthesis,180.0,°C,24.0,h,https://doi.org/10.1016/j.jallcom.2019.152796
SrTiO3,3980.0,𝜇mol.g-1.h-1,3.11,eV,780,nm,97.0,nm,300.0,W,20.07,m2.g-1,0.05,g,Pt,H2PtCl6·6H2O,photoreform,Water / methanol,(11 : 3 v/v),CH3OH,True,CH3OH,Solvothermal synthesis,180.0,°C,24.0,h,https://doi.org/10.1016/j.jallcom.2019.152796
SrTiO3,7680.0,𝜇mol.g-1.h-1,3.08,eV,780,nm,390.0,nm,300.0,W,70.28,m2.g-1,0.05,g,Pt,H2PtCl6·6H2O,photoreform,Water / methanol,(11 : 3 v/v),CH3OH,True,CH3OH,Solvothermal synthesis,180.0,°C,24.0,h,https://doi.org/10.1016/j.jallcom.2019.152796
SrTiO3,8210.0,𝜇mol.g-1.h-1,3.08,eV,780,nm,530.0,nm,300.0,W,106.59,m2.g-1,0.05,g,Pt,H2PtCl6·6H2O,photoreform,Water / methanol,(11 : 3 v/v),CH3OH,True,CH3OH,Solvothermal synthesis,180.0,°C,24.0,h,https://doi.org/10.1016/j.jallcom.2019.152796
SrTiO3,6360.0,𝜇mol.g-1.h-1,3.06,eV,780,nm,1500.0,nm,300.0,W,115.86,m2.g-1,0.05,g,Pt,H2PtCl6·6H2O,photoreform,Water / methanol,(11 : 3 v/v),CH3OH,True,CH3OH,Solvothermal synthesis,180.0,°C,24.0,h,https://doi.org/10.1016/j.jallcom.2019.152796
SrTiO3,7290.0,𝜇mol.g-1.h-1,3.04,eV,780,nm,2000.0,nm,300.0,W,131.87,m2.g-1,0.05,g,Pt,H2PtCl6·6H2O,photoreform,Water / methanol,(11 : 3 v/v),CH3OH,True,CH3OH,Solvothermal synthesis,180.0,°C,24.0,h,https://doi.org/10.1016/j.jallcom.2019.152796
LaTaON2,36600.0,𝜇mol.g-1.h-1,1.95,eV,420,nm,320.0,nm,300.0,W,12.3,m2.g-1,0.1,g,Pt,H2PtCl6·6H2O,photoreform,Water / methanol,(9 : 1 v/v),CH3OH,True,CH3OH,NH3-assisted flux method,950.0,°C,10.0,h,https://doi.org/10.1039/C7CP03714G
PrTaON2,52400.0,𝜇mol.g-1.h-1,1.97,eV,420,nm,125.0,nm,300.0,W,9.4,m2.g-1,0.1,g,Pt,H2PtCl6·6H2O,photoreform,Water / methanol,(9 : 1 v/v),CH3OH,True,CH3OH,NH3-assisted flux method,1000.0,°C,10.0,h,https://doi.org/10.1039/C7CP03714G
Na2Ca2Nb4O13,1355.0,𝜇mol.g-1.h-1,3.3,eV,300,nm,30000.0,nm,1000.0,W,4.6,m2.g-1,0.15,g,Pt,H2PtCl6·6H2O,photoreform,Water / methanol,(4 : 1 v/v),CH3OH,True,CH3OH,Molten salt method,1100.0,°C,10.0,h,https://doi.org/10.1111/jace.12122
Na2Ca2Nb4O13,835.0,𝜇mol.g-1.h-1,3.3,eV,300,nm,30000.0,nm,1000.0,W,3.9,m2.g-1,0.15,g,Pt,H2PtCl6·6H2O,photoreform,Water / methanol,(4 : 1 v/v),CH3OH,True,CH3OH,Molten salt method,1100.0,°C,10.0,h,https://doi.org/10.1111/jace.12122
Na2Ca2Nb4O13,230.0,𝜇mol.g-1.h-1,3.3,eV,300,nm,30000.0,nm,1000.0,W,1.6,m2.g-1,0.15,g,Pt,H2PtCl6·6H2O,photoreform,Water / methanol,(4 : 1 v/v),CH3OH,True,CH3OH,Molten salt method,1100.0,°C,10.0,h,https://doi.org/10.1111/jace.12122
Na2Ca2Nb4O13,447.0,𝜇mol.g-1.h-1,3.3,eV,300,nm,30000.0,nm,1000.0,W,0.36,m2.g-1,0.15,g,Pt,H2PtCl6·6H2O,photoreform,Water / methanol,(4 : 1 v/v),CH3OH,True,CH3OH,Molten salt method,1100.0,°C,10.0,h,https://doi.org/10.1111/jace.12122
Na0.5La0.5TiO3,0.0,𝜇mol.g-1.h-1,3.19,eV,420,nm,400.0,nm,300.0,W,,m2.g-1,0.3,g,Pt,H2PtCl6·6H2O,photoreform,Water / methanol,(4.4 : 1 v/v),CH3OH,True,CH3OH,hydrothermal synthesis,180.0,°C,48.0,h,https://doi.org/10.1002/chem.201003755
(Na0.5La0.5TiO3)1.00(LaCrO3)0.08(NaLaTi-0.08Cr),8200.0,𝜇mol.g-1.h-1,2.25,eV,420,nm,400.0,nm,300.0,W,,m2.g-1,0.3,g,Pt,H2PtCl6·6H2O,photoreform,Water / methanol,(4 .4: 1 v/v),CH3OH,True,CH3OH,hydrothermal synthesis,180.0,°C,48.0,h,https://doi.org/10.1002/chem.201003755
HCa2Nb3O10,550.0,𝜇mol.g-1.h-1,3.5,eV,220,nm,700.0,nm,125.0,W,,m2.g-1,0.027,g,false,-,photoreform,Water / methanol,(99 : 1 v/v),CH3OH,True,CH3OH,Proton exchange,,°C,,h,https://doi.org/10.3390/catal13030614
HSr2Nb3O10,650.0,𝜇mol.g-1.h-1,3.26,eV,220,nm,350.0,nm,125.0,W,,m2.g-1,0.027,g,Pt,H2PtCl6·6H2O,photoreform,Water / methanol,(99 : 1 v/v),CH3OH,True,CH3OH,Proton exchange,,°C,,h,https://doi.org/10.3390/catal13030614
HCa2Nb3O10,800.0,𝜇mol.g-1.h-1,3.5,eV,220,nm,700.0,nm,125.0,W,,m2.g-1,0.027,g,Pt,H2PtCl6·6H2O,photoreform,Water / methanol,(99 : 1 v/v),CH3OH,True,CH3OH,Exfoliation + filtration,,°C,,h,https://doi.org/10.3390/catal13030614
HCa2Nb3O10,650.0,𝜇mol.g-1.h-1,3.5,eV,220,nm,700.0,nm,125.0,W,,m2.g-1,0.027,g,Pt,H2PtCl6·6H2O,photoreform,Water / methanol,(99 : 1 v/v),CH3OH,True,CH3OH,Exfoliation + acid restacking,,°C,,h,https://doi.org/10.3390/catal13030614
HSr2Nb3O10,400.0,𝜇mol.g-1.h-1,3.26,eV,220,nm,350.0,nm,125.0,W,,m2.g-1,0.027,g,false,-,photoreform,Water / methanol,(99 : 1 v/v),CH3OH,True,CH3OH,Proton exchange,,°C,,h,https://doi.org/10.3390/catal13030614
HSr2Nb3O10,500.0,𝜇mol.g-1.h-1,3.26,eV,220,nm,350.0,nm,125.0,W,,m2.g-1,0.027,g,Pt,H2PtCl6·6H2O,photoreform,Water / methanol,(99 : 1 v/v),CH3OH,True,CH3OH,Proton exchange,,°C,,h,https://doi.org/10.3390/catal13030614
HSr2Nb3O10,750.0,𝜇mol.g-1.h-1,3.26,eV,220,nm,350.0,nm,125.0,W,,m2.g-1,0.027,g,Pt,H2PtCl6·6H2O,photoreform,Water / methanol,(99 : 1 v/v),CH3OH,True,CH3OH,Exfoliation + filtration,,°C,,h,https://doi.org/10.3390/catal13030614
HSr2Nb3O10,400.0,𝜇mol.g-1.h-1,3.26,eV,220,nm,350.0,nm,125.0,W,,m2.g-1,0.027,g,Pt,H2PtCl6·6H2O,photoreform,Water / methanol,(99 : 1 v/v),CH3OH,True,CH3OH,Exfoliation + acid restacking,,°C,,h,https://doi.org/10.3390/catal13030614
BaNbO2NBa2NbO3N,21.0,𝜇mol.g-1.h-1,1.7,eV,400,nm,135.0,nm,500.0,W,8.2,m2.g-1,0.132,g,Pt,H2PtCl6·6H2O,photoreform,Water / methanol,(11:1 v/v),CH3OH,True,CH3OH,Electrospinning,900.0,°C,10.0,h,https://doi.org/10.1002/admi.202100813
BaNbO2NBa2NbO3N,15.0,𝜇mol.g-1.h-1,1.7,eV,400,nm,156.0,nm,500.0,W,7.1,m2.g-1,0.132,g,Pt,H2PtCl6·6H2O,photoreform,Water / methanol,(11:1 v/v),CH3OH,True,CH3OH,Electrospinning,900.0,°C,10.0,h,https://doi.org/10.1002/admi.202100813
BaNbO2NBa2NbO3N,17.0,𝜇mol.g-1.h-1,1.7,eV,400,nm,194.0,nm,500.0,W,7.0,m2.g-1,0.132,g,Pt,H2PtCl6·6H2O,photoreform,Water / methanol,(11:1 v/v),CH3OH,True,CH3OH,Electrospinning,900.0,°C,10.0,h,https://doi.org/10.1002/admi.202100813
BaNbO2NBa2NbO3N,21.2,𝜇mol.g-1.h-1,1.7,eV,400,nm,213.0,nm,500.0,W,6.9,m2.g-1,0.132,g,Pt,H2PtCl6·6H2O,photoreform,Water / methanol,(11:1 v/v),CH3OH,True,CH3OH,Electrospinning,900.0,°C,10.0,h,https://doi.org/10.1002/admi.202100813
H1.78Sr0.78Bi0.22Nb2O7,4831.6,𝜇mol.g-1.h-1,3.42,eV,400,nm,,nm,300.0,W,9.05,m2.g-1,0.05,g,false,-,photoreform,Water / methanol,(7 : 3 v/v),CH3OH,True,CH3OH,Exfoliation,1000.0,°C,3.0,h,https://doi.org/10.1016/S1872-2067(17)62953-X
NiCH3CH2NH2H1.78Sr0.78Bi0.22Nb2O7,7453.4,𝜇mol.g-1.h-1,3.26,eV,400,nm,,nm,300.0,W,7.84,m2.g-1,0.05,g,Ni,Ni(CH3COO)24H2O,photoreform,Water / methanol,(7 : 3 v/v),CH3OH,True,CH3OH,Exfoliation,1000.0,°C,3.0,h,https://doi.org/10.1016/S1872-2067(17)62953-X
NiCH3CH2NH2H1.78Sr0.78Bi0.22Nb2O7,6000.0,𝜇mol.g-1.h-1,3.09,eV,400,nm,,nm,300.0,W,8.03,m2.g-1,0.05,g,Ni,Ni(CH3COO)24H2O,photoreform,Water / methanol,(7 : 3 v/v),CH3OH,True,CH3OH,Exfoliation,1000.0,°C,3.0,h,https://doi.org/10.1016/S1872-2067(17)62953-X
CdS(C6H5CH2CH2NH3)2SnBr4,13.38,𝜇mol.g-1.h-1,2.37,eV,420,nm,20.0,nm,300.0,W,,m2.g-1,0.1,g,false,-,photoreform,Water / Lactic acid,(9 : 1 v/v),C3H6O3,True,C3H6O3,hydrothermal synthesis,120.0,°C,6.0,h,https://doi.org/10.1007/s10562-024-04666-2
(C6H5CH2CH2NH3)2SnBr4,4.0,𝜇mol.g-1.h-1,2.64,eV,420,nm,20.0,nm,300.0,W,,m2.g-1,0.1,g,false,-,photoreform,Water / Lactic acid,(9 : 1 v/v),C3H6O3,True,C3H6O3,hydrothermal synthesis,120.0,°C,0.5,h,https://doi.org/10.1016/j.ijhydene.2015.07.166
